2026-05-10 14:37:02.622 [INFO ] [BrakeSystemController] Braking command issued — attempt 1 at 2090ms
2026-05-10 14:37:02.625 [DEBUG] [BrakeSystemController] speedAtCommand: 16.67
2026-05-10 14:37:02.625 [DEBUG] [BrakeSystemController] targetDecel:    8.0
2026-05-10 14:37:02.626 [DEBUG] [BrakeSystemController] --- verify ---
2026-05-10 14:37:02.627 [DEBUG] [BrakeSystemController] speedAtLastCommand: 16.67
2026-05-10 14:37:02.627 [DEBUG] [BrakeSystemController] currentSpeed:       16.591500000000003
2026-05-10 14:37:02.627 [DEBUG] [BrakeSystemController] elapsedMs:          10
2026-05-10 14:37:02.627 [DEBUG] [BrakeSystemController] actualDecel:        7.849999999999824
2026-05-10 14:37:02.627 [DEBUG] [BrakeSystemController] targetDecel:        8.0
2026-05-10 14:37:02.627 [DEBUG] [BrakeSystemController] lower bound:        7.6
2026-05-10 14:37:02.627 [DEBUG] [BrakeSystemController] upper bound:        8.4
2026-05-10 14:37:02.628 [DEBUG] [BrakeSystemController] withinTolerance:    true
2026-05-10 14:37:02.628 [INFO ] [BrakeSystemController] Braking verified SUCCESS on attempt 1
2026-05-10 14:37:02.629 [DEBUG] [BrakeSystemController] --- verify ---
2026-05-10 14:37:02.629 [DEBUG] [BrakeSystemController] speedAtLastCommand: 16.67
2026-05-10 14:37:02.629 [DEBUG] [BrakeSystemController] currentSpeed:       16.513000000000005
2026-05-10 14:37:02.630 [DEBUG] [BrakeSystemController] elapsedMs:          20
2026-05-10 14:37:02.630 [DEBUG] [BrakeSystemController] actualDecel:        7.849999999999824
2026-05-10 14:37:02.630 [DEBUG] [BrakeSystemController] targetDecel:        8.0
2026-05-10 14:37:02.630 [DEBUG] [BrakeSystemController] lower bound:        7.6
2026-05-10 14:37:02.630 [DEBUG] [BrakeSystemController] upper bound:        8.4
2026-05-10 14:37:02.630 [DEBUG] [BrakeSystemController] withinTolerance:    true
2026-05-10 14:37:02.630 [INFO ] [BrakeSystemController] Braking verified SUCCESS on attempt 1
2026-05-10 14:37:02.631 [DEBUG] [BrakeSystemController] --- verify ---
2026-05-10 14:37:02.631 [DEBUG] [BrakeSystemController] speedAtLastCommand: 16.67
2026-05-10 14:37:02.632 [DEBUG] [BrakeSystemController] currentSpeed:       16.434500000000007
2026-05-10 14:37:02.632 [DEBUG] [BrakeSystemController] elapsedMs:          30
2026-05-10 14:37:02.632 [DEBUG] [BrakeSystemController] actualDecel:        7.849999999999824
2026-05-10 14:37:02.632 [DEBUG] [BrakeSystemController] targetDecel:        8.0
2026-05-10 14:37:02.632 [DEBUG] [BrakeSystemController] lower bound:        7.6
2026-05-10 14:37:02.633 [DEBUG] [BrakeSystemController] upper bound:        8.4
2026-05-10 14:37:02.633 [DEBUG] [BrakeSystemController] withinTolerance:    true
2026-05-10 14:37:02.633 [INFO ] [BrakeSystemController] Braking verified SUCCESS on attempt 1
2026-05-10 14:37:02.634 [DEBUG] [BrakeSystemController] --- verify ---
2026-05-10 14:37:02.634 [DEBUG] [BrakeSystemController] speedAtLastCommand: 16.67
2026-05-10 14:37:02.634 [DEBUG] [BrakeSystemController] currentSpeed:       16.35600000000001
2026-05-10 14:37:02.634 [DEBUG] [BrakeSystemController] elapsedMs:          40
2026-05-10 14:37:02.634 [DEBUG] [BrakeSystemController] actualDecel:        7.849999999999824
2026-05-10 14:37:02.635 [DEBUG] [BrakeSystemController] targetDecel:        8.0
2026-05-10 14:37:02.635 [DEBUG] [BrakeSystemController] lower bound:        7.6
2026-05-10 14:37:02.635 [DEBUG] [BrakeSystemController] upper bound:        8.4
2026-05-10 14:37:02.635 [DEBUG] [BrakeSystemController] withinTolerance:    true
2026-05-10 14:37:02.636 [INFO ] [BrakeSystemController] Braking verified SUCCESS on attempt 1
2026-05-10 14:37:02.636 [DEBUG] [BrakeSystemController] --- verify ---
2026-05-10 14:37:02.636 [DEBUG] [BrakeSystemController] speedAtLastCommand: 16.67
2026-05-10 14:37:02.637 [DEBUG] [BrakeSystemController] currentSpeed:       16.27750000000001
2026-05-10 14:37:02.637 [DEBUG] [BrakeSystemController] elapsedMs:          50
2026-05-10 14:37:02.637 [DEBUG] [BrakeSystemController] actualDecel:        7.849999999999824
2026-05-10 14:37:02.637 [DEBUG] [BrakeSystemController] targetDecel:        8.0
2026-05-10 14:37:02.637 [DEBUG] [BrakeSystemController] lower bound:        7.6
2026-05-10 14:37:02.637 [DEBUG] [BrakeSystemController] upper bound:        8.4
2026-05-10 14:37:02.637 [DEBUG] [BrakeSystemController] withinTolerance:    true
2026-05-10 14:37:02.637 [INFO ] [BrakeSystemController] Braking verified SUCCESS on attempt 1
2026-05-10 14:37:02.638 [DEBUG] [BrakeSystemController] --- verify ---
2026-05-10 14:37:02.638 [DEBUG] [BrakeSystemController] speedAtLastCommand: 16.67
2026-05-10 14:37:02.638 [DEBUG] [BrakeSystemController] currentSpeed:       16.199000000000012
2026-05-10 14:37:02.638 [DEBUG] [BrakeSystemController] elapsedMs:          60
2026-05-10 14:37:02.638 [DEBUG] [BrakeSystemController] actualDecel:        7.849999999999824
2026-05-10 14:37:02.638 [DEBUG] [BrakeSystemController] targetDecel:        8.0
2026-05-10 14:37:02.638 [DEBUG] [BrakeSystemController] lower bound:        7.6
2026-05-10 14:37:02.638 [DEBUG] [BrakeSystemController] upper bound:        8.4
2026-05-10 14:37:02.638 [DEBUG] [BrakeSystemController] withinTolerance:    true
2026-05-10 14:37:02.639 [INFO ] [BrakeSystemController] Braking verified SUCCESS on attempt 1
2026-05-10 14:37:02.639 [DEBUG] [BrakeSystemController] --- verify ---
2026-05-10 14:37:02.639 [DEBUG] [BrakeSystemController] speedAtLastCommand: 16.67
2026-05-10 14:37:02.639 [DEBUG] [BrakeSystemController] currentSpeed:       16.120500000000014
2026-05-10 14:37:02.639 [DEBUG] [BrakeSystemController] elapsedMs:          70
2026-05-10 14:37:02.639 [DEBUG] [BrakeSystemController] actualDecel:        7.849999999999823
2026-05-10 14:37:02.639 [DEBUG] [BrakeSystemController] targetDecel:        8.0
2026-05-10 14:37:02.640 [DEBUG] [BrakeSystemController] lower bound:        7.6
2026-05-10 14:37:02.640 [DEBUG] [BrakeSystemController] upper bound:        8.4
2026-05-10 14:37:02.640 [DEBUG] [BrakeSystemController] withinTolerance:    true
2026-05-10 14:37:02.640 [INFO ] [BrakeSystemController] Braking verified SUCCESS on attempt 1
2026-05-10 14:37:02.640 [DEBUG] [BrakeSystemController] --- verify ---
2026-05-10 14:37:02.640 [DEBUG] [BrakeSystemController] speedAtLastCommand: 16.67
2026-05-10 14:37:02.640 [DEBUG] [BrakeSystemController] currentSpeed:       16.042000000000016
2026-05-10 14:37:02.640 [DEBUG] [BrakeSystemController] elapsedMs:          80
2026-05-10 14:37:02.640 [DEBUG] [BrakeSystemController] actualDecel:        7.849999999999824
2026-05-10 14:37:02.640 [DEBUG] [BrakeSystemController] targetDecel:        8.0
2026-05-10 14:37:02.640 [DEBUG] [BrakeSystemController] lower bound:        7.6
2026-05-10 14:37:02.640 [DEBUG] [BrakeSystemController] upper bound:        8.4
2026-05-10 14:37:02.640 [DEBUG] [BrakeSystemController] withinTolerance:    true
2026-05-10 14:37:02.640 [INFO ] [BrakeSystemController] Braking verified SUCCESS on attempt 1
2026-05-10 14:37:02.640 [DEBUG] [BrakeSystemController] --- verify ---
2026-05-10 14:37:02.642 [DEBUG] [BrakeSystemController] speedAtLastCommand: 16.67
2026-05-10 14:37:02.642 [DEBUG] [BrakeSystemController] currentSpeed:       15.963500000000016
2026-05-10 14:37:02.642 [DEBUG] [BrakeSystemController] elapsedMs:          90
2026-05-10 14:37:02.642 [DEBUG] [BrakeSystemController] actualDecel:        7.849999999999844
2026-05-10 14:37:02.642 [DEBUG] [BrakeSystemController] targetDecel:        8.0
2026-05-10 14:37:02.642 [DEBUG] [BrakeSystemController] lower bound:        7.6
2026-05-10 14:37:02.642 [DEBUG] [BrakeSystemController] upper bound:        8.4
2026-05-10 14:37:02.642 [DEBUG] [BrakeSystemController] withinTolerance:    true
2026-05-10 14:37:02.642 [INFO ] [BrakeSystemController] Braking verified SUCCESS on attempt 1
2026-05-10 14:37:02.643 [DEBUG] [BrakeSystemController] --- verify ---
2026-05-10 14:37:02.643 [DEBUG] [BrakeSystemController] speedAtLastCommand: 16.67
2026-05-10 14:37:02.643 [DEBUG] [BrakeSystemController] currentSpeed:       15.885000000000016
2026-05-10 14:37:02.643 [DEBUG] [BrakeSystemController] elapsedMs:          100
2026-05-10 14:37:02.643 [DEBUG] [BrakeSystemController] actualDecel:        7.849999999999859
2026-05-10 14:37:02.643 [DEBUG] [BrakeSystemController] targetDecel:        8.0
2026-05-10 14:37:02.643 [DEBUG] [BrakeSystemController] lower bound:        7.6
2026-05-10 14:37:02.643 [DEBUG] [BrakeSystemController] upper bound:        8.4
2026-05-10 14:37:02.643 [DEBUG] [BrakeSystemController] withinTolerance:    true
2026-05-10 14:37:02.643 [INFO ] [BrakeSystemController] Braking verified SUCCESS on attempt 1
2026-05-10 14:37:02.644 [DEBUG] [BrakeSystemController] --- verify ---
2026-05-10 14:37:02.644 [DEBUG] [BrakeSystemController] speedAtLastCommand: 16.67
2026-05-10 14:37:02.644 [DEBUG] [BrakeSystemController] currentSpeed:       15.806500000000016
2026-05-10 14:37:02.644 [DEBUG] [BrakeSystemController] elapsedMs:          110
2026-05-10 14:37:02.644 [DEBUG] [BrakeSystemController] actualDecel:        7.849999999999873
2026-05-10 14:37:02.644 [DEBUG] [BrakeSystemController] targetDecel:        8.0
2026-05-10 14:37:02.644 [DEBUG] [BrakeSystemController] lower bound:        7.6
2026-05-10 14:37:02.644 [DEBUG] [BrakeSystemController] upper bound:        8.4
2026-05-10 14:37:02.644 [DEBUG] [BrakeSystemController] withinTolerance:    true
2026-05-10 14:37:02.644 [INFO ] [BrakeSystemController] Braking verified SUCCESS on attempt 1
2026-05-10 14:37:02.645 [DEBUG] [BrakeSystemController] --- verify ---
2026-05-10 14:37:02.645 [DEBUG] [BrakeSystemController] speedAtLastCommand: 16.67
2026-05-10 14:37:02.645 [DEBUG] [BrakeSystemController] currentSpeed:       15.728000000000016
2026-05-10 14:37:02.645 [DEBUG] [BrakeSystemController] elapsedMs:          120
2026-05-10 14:37:02.645 [DEBUG] [BrakeSystemController] actualDecel:        7.849999999999883
2026-05-10 14:37:02.645 [DEBUG] [BrakeSystemController] targetDecel:        8.0
2026-05-10 14:37:02.645 [DEBUG] [BrakeSystemController] lower bound:        7.6
2026-05-10 14:37:02.645 [DEBUG] [BrakeSystemController] upper bound:        8.4
2026-05-10 14:37:02.645 [DEBUG] [BrakeSystemController] withinTolerance:    true
2026-05-10 14:37:02.645 [INFO ] [BrakeSystemController] Braking verified SUCCESS on attempt 1
2026-05-10 14:37:02.646 [DEBUG] [BrakeSystemController] --- verify ---
2026-05-10 14:37:02.646 [DEBUG] [BrakeSystemController] speedAtLastCommand: 16.67
2026-05-10 14:37:02.646 [DEBUG] [BrakeSystemController] currentSpeed:       15.649500000000016
2026-05-10 14:37:02.646 [DEBUG] [BrakeSystemController] elapsedMs:          130
2026-05-10 14:37:02.646 [DEBUG] [BrakeSystemController] actualDecel:        7.849999999999892
2026-05-10 14:37:02.647 [DEBUG] [BrakeSystemController] targetDecel:        8.0
2026-05-10 14:37:02.647 [DEBUG] [BrakeSystemController] lower bound:        7.6
2026-05-10 14:37:02.647 [DEBUG] [BrakeSystemController] upper bound:        8.4
2026-05-10 14:37:02.647 [DEBUG] [BrakeSystemController] withinTolerance:    true
2026-05-10 14:37:02.647 [INFO ] [BrakeSystemController] Braking verified SUCCESS on attempt 1
2026-05-10 14:37:02.647 [DEBUG] [BrakeSystemController] --- verify ---
2026-05-10 14:37:02.647 [DEBUG] [BrakeSystemController] speedAtLastCommand: 16.67
2026-05-10 14:37:02.648 [DEBUG] [BrakeSystemController] currentSpeed:       15.571000000000016
2026-05-10 14:37:02.648 [DEBUG] [BrakeSystemController] elapsedMs:          140
2026-05-10 14:37:02.648 [DEBUG] [BrakeSystemController] actualDecel:        7.849999999999899
2026-05-10 14:37:02.648 [DEBUG] [BrakeSystemController] targetDecel:        8.0
2026-05-10 14:37:02.648 [DEBUG] [BrakeSystemController] lower bound:        7.6
2026-05-10 14:37:02.648 [DEBUG] [BrakeSystemController] upper bound:        8.4
2026-05-10 14:37:02.648 [DEBUG] [BrakeSystemController] withinTolerance:    true
2026-05-10 14:37:02.648 [INFO ] [BrakeSystemController] Braking verified SUCCESS on attempt 1
2026-05-10 14:37:02.648 [DEBUG] [BrakeSystemController] --- verify ---
2026-05-10 14:37:02.648 [DEBUG] [BrakeSystemController] speedAtLastCommand: 16.67
2026-05-10 14:37:02.648 [DEBUG] [BrakeSystemController] currentSpeed:       15.492500000000016
2026-05-10 14:37:02.649 [DEBUG] [BrakeSystemController] elapsedMs:          150
2026-05-10 14:37:02.649 [DEBUG] [BrakeSystemController] actualDecel:        7.849999999999907
2026-05-10 14:37:02.649 [DEBUG] [BrakeSystemController] targetDecel:        8.0
2026-05-10 14:37:02.649 [DEBUG] [BrakeSystemController] lower bound:        7.6
2026-05-10 14:37:02.649 [DEBUG] [BrakeSystemController] upper bound:        8.4
2026-05-10 14:37:02.649 [DEBUG] [BrakeSystemController] withinTolerance:    true
2026-05-10 14:37:02.649 [INFO ] [BrakeSystemController] Braking verified SUCCESS on attempt 1
2026-05-10 14:37:02.649 [DEBUG] [BrakeSystemController] --- verify ---
2026-05-10 14:37:02.649 [DEBUG] [BrakeSystemController] speedAtLastCommand: 16.67
2026-05-10 14:37:02.649 [DEBUG] [BrakeSystemController] currentSpeed:       15.414000000000016
2026-05-10 14:37:02.649 [DEBUG] [BrakeSystemController] elapsedMs:          160
2026-05-10 14:37:02.649 [DEBUG] [BrakeSystemController] actualDecel:        7.849999999999913
2026-05-10 14:37:02.649 [DEBUG] [BrakeSystemController] targetDecel:        8.0
2026-05-10 14:37:02.649 [DEBUG] [BrakeSystemController] lower bound:        7.6
2026-05-10 14:37:02.649 [DEBUG] [BrakeSystemController] upper bound:        8.4
2026-05-10 14:37:02.649 [DEBUG] [BrakeSystemController] withinTolerance:    true
2026-05-10 14:37:02.650 [INFO ] [BrakeSystemController] Braking verified SUCCESS on attempt 1
2026-05-10 14:37:02.650 [DEBUG] [BrakeSystemController] --- verify ---
2026-05-10 14:37:02.650 [DEBUG] [BrakeSystemController] speedAtLastCommand: 16.67
2026-05-10 14:37:02.650 [DEBUG] [BrakeSystemController] currentSpeed:       15.335500000000016
2026-05-10 14:37:02.650 [DEBUG] [BrakeSystemController] elapsedMs:          170
2026-05-10 14:37:02.650 [DEBUG] [BrakeSystemController] actualDecel:        7.849999999999917
2026-05-10 14:37:02.650 [DEBUG] [BrakeSystemController] targetDecel:        8.0
2026-05-10 14:37:02.650 [DEBUG] [BrakeSystemController] lower bound:        7.6
2026-05-10 14:37:02.650 [DEBUG] [BrakeSystemController] upper bound:        8.4
2026-05-10 14:37:02.650 [DEBUG] [BrakeSystemController] withinTolerance:    true
2026-05-10 14:37:02.650 [INFO ] [BrakeSystemController] Braking verified SUCCESS on attempt 1
2026-05-10 14:37:02.650 [DEBUG] [BrakeSystemController] --- verify ---
2026-05-10 14:37:02.650 [DEBUG] [BrakeSystemController] speedAtLastCommand: 16.67
2026-05-10 14:37:02.651 [DEBUG] [BrakeSystemController] currentSpeed:       15.257000000000016
2026-05-10 14:37:02.651 [DEBUG] [BrakeSystemController] elapsedMs:          180
2026-05-10 14:37:02.651 [DEBUG] [BrakeSystemController] actualDecel:        7.849999999999922
2026-05-10 14:37:02.651 [DEBUG] [BrakeSystemController] targetDecel:        8.0
2026-05-10 14:37:02.651 [DEBUG] [BrakeSystemController] lower bound:        7.6
2026-05-10 14:37:02.651 [DEBUG] [BrakeSystemController] upper bound:        8.4
2026-05-10 14:37:02.651 [DEBUG] [BrakeSystemController] withinTolerance:    true
2026-05-10 14:37:02.651 [INFO ] [BrakeSystemController] Braking verified SUCCESS on attempt 1
2026-05-10 14:37:02.651 [DEBUG] [BrakeSystemController] --- verify ---
2026-05-10 14:37:02.651 [DEBUG] [BrakeSystemController] speedAtLastCommand: 16.67
2026-05-10 14:37:02.651 [DEBUG] [BrakeSystemController] currentSpeed:       15.178500000000016
2026-05-10 14:37:02.651 [DEBUG] [BrakeSystemController] elapsedMs:          190
2026-05-10 14:37:02.651 [DEBUG] [BrakeSystemController] actualDecel:        7.849999999999927
2026-05-10 14:37:02.651 [DEBUG] [BrakeSystemController] targetDecel:        8.0
2026-05-10 14:37:02.651 [DEBUG] [BrakeSystemController] lower bound:        7.6
2026-05-10 14:37:02.651 [DEBUG] [BrakeSystemController] upper bound:        8.4
2026-05-10 14:37:02.651 [DEBUG] [BrakeSystemController] withinTolerance:    true
2026-05-10 14:37:02.651 [INFO ] [BrakeSystemController] Braking verified SUCCESS on attempt 1
2026-05-10 14:37:02.652 [DEBUG] [BrakeSystemController] --- verify ---
2026-05-10 14:37:02.652 [DEBUG] [BrakeSystemController] speedAtLastCommand: 16.67
2026-05-10 14:37:02.652 [DEBUG] [BrakeSystemController] currentSpeed:       15.100000000000016
2026-05-10 14:37:02.652 [DEBUG] [BrakeSystemController] elapsedMs:          200
2026-05-10 14:37:02.652 [DEBUG] [BrakeSystemController] actualDecel:        7.84999999999993
2026-05-10 14:37:02.652 [DEBUG] [BrakeSystemController] targetDecel:        8.0
2026-05-10 14:37:02.652 [DEBUG] [BrakeSystemController] lower bound:        7.6
2026-05-10 14:37:02.652 [DEBUG] [BrakeSystemController] upper bound:        8.4
2026-05-10 14:37:02.653 [DEBUG] [BrakeSystemController] withinTolerance:    true
2026-05-10 14:37:02.653 [INFO ] [BrakeSystemController] Braking verified SUCCESS on attempt 1
2026-05-10 14:37:02.653 [DEBUG] [BrakeSystemController] --- verify ---
2026-05-10 14:37:02.653 [DEBUG] [BrakeSystemController] speedAtLastCommand: 16.67
2026-05-10 14:37:02.653 [DEBUG] [BrakeSystemController] currentSpeed:       15.021500000000016
2026-05-10 14:37:02.653 [DEBUG] [BrakeSystemController] elapsedMs:          210
2026-05-10 14:37:02.654 [DEBUG] [BrakeSystemController] actualDecel:        7.849999999999934
2026-05-10 14:37:02.654 [DEBUG] [BrakeSystemController] targetDecel:        8.0
2026-05-10 14:37:02.654 [DEBUG] [BrakeSystemController] lower bound:        7.6
2026-05-10 14:37:02.654 [DEBUG] [BrakeSystemController] upper bound:        8.4
2026-05-10 14:37:02.654 [DEBUG] [BrakeSystemController] withinTolerance:    true
2026-05-10 14:37:02.654 [INFO ] [BrakeSystemController] Braking verified SUCCESS on attempt 1
2026-05-10 14:37:02.654 [DEBUG] [BrakeSystemController] --- verify ---
2026-05-10 14:37:02.654 [DEBUG] [BrakeSystemController] speedAtLastCommand: 16.67
2026-05-10 14:37:02.654 [DEBUG] [BrakeSystemController] currentSpeed:       14.943000000000016
2026-05-10 14:37:02.654 [DEBUG] [BrakeSystemController] elapsedMs:          220
2026-05-10 14:37:02.655 [DEBUG] [BrakeSystemController] actualDecel:        7.849999999999937
2026-05-10 14:37:02.655 [DEBUG] [BrakeSystemController] targetDecel:        8.0
2026-05-10 14:37:02.655 [DEBUG] [BrakeSystemController] lower bound:        7.6
2026-05-10 14:37:02.655 [DEBUG] [BrakeSystemController] upper bound:        8.4
2026-05-10 14:37:02.655 [DEBUG] [BrakeSystemController] withinTolerance:    true
2026-05-10 14:37:02.655 [INFO ] [BrakeSystemController] Braking verified SUCCESS on attempt 1
2026-05-10 14:37:02.655 [DEBUG] [BrakeSystemController] --- verify ---
2026-05-10 14:37:02.655 [DEBUG] [BrakeSystemController] speedAtLastCommand: 16.67
2026-05-10 14:37:02.655 [DEBUG] [BrakeSystemController] currentSpeed:       14.864500000000016
2026-05-10 14:37:02.655 [DEBUG] [BrakeSystemController] elapsedMs:          230
2026-05-10 14:37:02.655 [DEBUG] [BrakeSystemController] actualDecel:        7.849999999999939
2026-05-10 14:37:02.655 [DEBUG] [BrakeSystemController] targetDecel:        8.0
2026-05-10 14:37:02.655 [DEBUG] [BrakeSystemController] lower bound:        7.6
2026-05-10 14:37:02.655 [DEBUG] [BrakeSystemController] upper bound:        8.4
2026-05-10 14:37:02.655 [DEBUG] [BrakeSystemController] withinTolerance:    true
2026-05-10 14:37:02.655 [INFO ] [BrakeSystemController] Braking verified SUCCESS on attempt 1
2026-05-10 14:37:02.655 [DEBUG] [BrakeSystemController] --- verify ---
2026-05-10 14:37:02.655 [DEBUG] [BrakeSystemController] speedAtLastCommand: 16.67
2026-05-10 14:37:02.656 [DEBUG] [BrakeSystemController] currentSpeed:       14.786000000000016
2026-05-10 14:37:02.656 [DEBUG] [BrakeSystemController] elapsedMs:          240
2026-05-10 14:37:02.656 [DEBUG] [BrakeSystemController] actualDecel:        7.849999999999943
2026-05-10 14:37:02.656 [DEBUG] [BrakeSystemController] targetDecel:        8.0
2026-05-10 14:37:02.656 [DEBUG] [BrakeSystemController] lower bound:        7.6
2026-05-10 14:37:02.656 [DEBUG] [BrakeSystemController] upper bound:        8.4
2026-05-10 14:37:02.656 [DEBUG] [BrakeSystemController] withinTolerance:    true
2026-05-10 14:37:02.656 [INFO ] [BrakeSystemController] Braking verified SUCCESS on attempt 1
2026-05-10 14:37:02.656 [DEBUG] [BrakeSystemController] --- verify ---
2026-05-10 14:37:02.656 [DEBUG] [BrakeSystemController] speedAtLastCommand: 16.67
2026-05-10 14:37:02.656 [DEBUG] [BrakeSystemController] currentSpeed:       14.707500000000016
2026-05-10 14:37:02.656 [DEBUG] [BrakeSystemController] elapsedMs:          250
2026-05-10 14:37:02.656 [DEBUG] [BrakeSystemController] actualDecel:        7.849999999999945
2026-05-10 14:37:02.656 [DEBUG] [BrakeSystemController] targetDecel:        8.0
2026-05-10 14:37:02.656 [DEBUG] [BrakeSystemController] lower bound:        7.6
2026-05-10 14:37:02.656 [DEBUG] [BrakeSystemController] upper bound:        8.4
2026-05-10 14:37:02.656 [DEBUG] [BrakeSystemController] withinTolerance:    true
2026-05-10 14:37:02.656 [INFO ] [BrakeSystemController] Braking verified SUCCESS on attempt 1
2026-05-10 14:37:02.657 [DEBUG] [BrakeSystemController] --- verify ---
2026-05-10 14:37:02.657 [DEBUG] [BrakeSystemController] speedAtLastCommand: 16.67
2026-05-10 14:37:02.657 [DEBUG] [BrakeSystemController] currentSpeed:       14.629000000000016
2026-05-10 14:37:02.657 [DEBUG] [BrakeSystemController] elapsedMs:          260
2026-05-10 14:37:02.657 [DEBUG] [BrakeSystemController] actualDecel:        7.849999999999946
2026-05-10 14:37:02.657 [DEBUG] [BrakeSystemController] targetDecel:        8.0
2026-05-10 14:37:02.657 [DEBUG] [BrakeSystemController] lower bound:        7.6
2026-05-10 14:37:02.657 [DEBUG] [BrakeSystemController] upper bound:        8.4
2026-05-10 14:37:02.657 [DEBUG] [BrakeSystemController] withinTolerance:    true
2026-05-10 14:37:02.657 [INFO ] [BrakeSystemController] Braking verified SUCCESS on attempt 1
2026-05-10 14:37:02.658 [DEBUG] [BrakeSystemController] --- verify ---
2026-05-10 14:37:02.658 [DEBUG] [BrakeSystemController] speedAtLastCommand: 16.67
2026-05-10 14:37:02.658 [DEBUG] [BrakeSystemController] currentSpeed:       14.550500000000016
2026-05-10 14:37:02.658 [DEBUG] [BrakeSystemController] elapsedMs:          270
2026-05-10 14:37:02.658 [DEBUG] [BrakeSystemController] actualDecel:        7.849999999999948
2026-05-10 14:37:02.658 [DEBUG] [BrakeSystemController] targetDecel:        8.0
2026-05-10 14:37:02.659 [DEBUG] [BrakeSystemController] lower bound:        7.6
2026-05-10 14:37:02.659 [DEBUG] [BrakeSystemController] upper bound:        8.4
2026-05-10 14:37:02.659 [DEBUG] [BrakeSystemController] withinTolerance:    true
2026-05-10 14:37:02.659 [INFO ] [BrakeSystemController] Braking verified SUCCESS on attempt 1
2026-05-10 14:37:02.659 [DEBUG] [BrakeSystemController] --- verify ---
2026-05-10 14:37:02.659 [DEBUG] [BrakeSystemController] speedAtLastCommand: 16.67
2026-05-10 14:37:02.659 [DEBUG] [BrakeSystemController] currentSpeed:       14.472000000000016
2026-05-10 14:37:02.659 [DEBUG] [BrakeSystemController] elapsedMs:          280
2026-05-10 14:37:02.659 [DEBUG] [BrakeSystemController] actualDecel:        7.84999999999995
2026-05-10 14:37:02.659 [DEBUG] [BrakeSystemController] targetDecel:        8.0
2026-05-10 14:37:02.659 [DEBUG] [BrakeSystemController] lower bound:        7.6
2026-05-10 14:37:02.659 [DEBUG] [BrakeSystemController] upper bound:        8.4
2026-05-10 14:37:02.659 [DEBUG] [BrakeSystemController] withinTolerance:    true
2026-05-10 14:37:02.659 [INFO ] [BrakeSystemController] Braking verified SUCCESS on attempt 1
2026-05-10 14:37:02.660 [DEBUG] [BrakeSystemController] --- verify ---
2026-05-10 14:37:02.660 [DEBUG] [BrakeSystemController] speedAtLastCommand: 16.67
2026-05-10 14:37:02.660 [DEBUG] [BrakeSystemController] currentSpeed:       14.393500000000016
2026-05-10 14:37:02.660 [DEBUG] [BrakeSystemController] elapsedMs:          290
2026-05-10 14:37:02.660 [DEBUG] [BrakeSystemController] actualDecel:        7.849999999999953
2026-05-10 14:37:02.660 [DEBUG] [BrakeSystemController] targetDecel:        8.0
2026-05-10 14:37:02.660 [DEBUG] [BrakeSystemController] lower bound:        7.6
2026-05-10 14:37:02.660 [DEBUG] [BrakeSystemController] upper bound:        8.4
2026-05-10 14:37:02.660 [DEBUG] [BrakeSystemController] withinTolerance:    true
2026-05-10 14:37:02.660 [INFO ] [BrakeSystemController] Braking verified SUCCESS on attempt 1
2026-05-10 14:37:02.660 [DEBUG] [BrakeSystemController] --- verify ---
2026-05-10 14:37:02.660 [DEBUG] [BrakeSystemController] speedAtLastCommand: 16.67
2026-05-10 14:37:02.660 [DEBUG] [BrakeSystemController] currentSpeed:       14.315000000000015
2026-05-10 14:37:02.660 [DEBUG] [BrakeSystemController] elapsedMs:          300
2026-05-10 14:37:02.660 [DEBUG] [BrakeSystemController] actualDecel:        7.849999999999954
2026-05-10 14:37:02.660 [DEBUG] [BrakeSystemController] targetDecel:        8.0
2026-05-10 14:37:02.662 [DEBUG] [BrakeSystemController] lower bound:        7.6
2026-05-10 14:37:02.662 [DEBUG] [BrakeSystemController] upper bound:        8.4
2026-05-10 14:37:02.662 [DEBUG] [BrakeSystemController] withinTolerance:    true
2026-05-10 14:37:02.662 [INFO ] [BrakeSystemController] Braking verified SUCCESS on attempt 1
2026-05-10 14:37:02.663 [DEBUG] [BrakeSystemController] --- verify ---
2026-05-10 14:37:02.663 [DEBUG] [BrakeSystemController] speedAtLastCommand: 16.67
2026-05-10 14:37:02.663 [DEBUG] [BrakeSystemController] currentSpeed:       14.236500000000015
2026-05-10 14:37:02.663 [DEBUG] [BrakeSystemController] elapsedMs:          310
2026-05-10 14:37:02.663 [DEBUG] [BrakeSystemController] actualDecel:        7.849999999999955
2026-05-10 14:37:02.663 [DEBUG] [BrakeSystemController] targetDecel:        8.0
2026-05-10 14:37:02.663 [DEBUG] [BrakeSystemController] lower bound:        7.6
2026-05-10 14:37:02.663 [DEBUG] [BrakeSystemController] upper bound:        8.4
2026-05-10 14:37:02.663 [DEBUG] [BrakeSystemController] withinTolerance:    true
2026-05-10 14:37:02.663 [INFO ] [BrakeSystemController] Braking verified SUCCESS on attempt 1
2026-05-10 14:37:02.663 [DEBUG] [BrakeSystemController] --- verify ---
2026-05-10 14:37:02.663 [DEBUG] [BrakeSystemController] speedAtLastCommand: 16.67
2026-05-10 14:37:02.663 [DEBUG] [BrakeSystemController] currentSpeed:       14.158000000000015
2026-05-10 14:37:02.663 [DEBUG] [BrakeSystemController] elapsedMs:          320
2026-05-10 14:37:02.663 [DEBUG] [BrakeSystemController] actualDecel:        7.849999999999957
2026-05-10 14:37:02.663 [DEBUG] [BrakeSystemController] targetDecel:        8.0
2026-05-10 14:37:02.663 [DEBUG] [BrakeSystemController] lower bound:        7.6
2026-05-10 14:37:02.663 [DEBUG] [BrakeSystemController] upper bound:        8.4
2026-05-10 14:37:02.663 [DEBUG] [BrakeSystemController] withinTolerance:    true
2026-05-10 14:37:02.663 [INFO ] [BrakeSystemController] Braking verified SUCCESS on attempt 1
2026-05-10 14:37:02.663 [DEBUG] [BrakeSystemController] --- verify ---
2026-05-10 14:37:02.663 [DEBUG] [BrakeSystemController] speedAtLastCommand: 16.67
2026-05-10 14:37:02.663 [DEBUG] [BrakeSystemController] currentSpeed:       14.079500000000015
2026-05-10 14:37:02.663 [DEBUG] [BrakeSystemController] elapsedMs:          330
2026-05-10 14:37:02.663 [DEBUG] [BrakeSystemController] actualDecel:        7.849999999999958
2026-05-10 14:37:02.663 [DEBUG] [BrakeSystemController] targetDecel:        8.0
2026-05-10 14:37:02.663 [DEBUG] [BrakeSystemController] lower bound:        7.6
2026-05-10 14:37:02.664 [DEBUG] [BrakeSystemController] upper bound:        8.4
2026-05-10 14:37:02.664 [DEBUG] [BrakeSystemController] withinTolerance:    true
2026-05-10 14:37:02.664 [INFO ] [BrakeSystemController] Braking verified SUCCESS on attempt 1
2026-05-10 14:37:02.664 [DEBUG] [BrakeSystemController] --- verify ---
2026-05-10 14:37:02.664 [DEBUG] [BrakeSystemController] speedAtLastCommand: 16.67
2026-05-10 14:37:02.664 [DEBUG] [BrakeSystemController] currentSpeed:       14.001000000000015
2026-05-10 14:37:02.664 [DEBUG] [BrakeSystemController] elapsedMs:          340
2026-05-10 14:37:02.664 [DEBUG] [BrakeSystemController] actualDecel:        7.849999999999959
2026-05-10 14:37:02.664 [DEBUG] [BrakeSystemController] targetDecel:        8.0
2026-05-10 14:37:02.664 [DEBUG] [BrakeSystemController] lower bound:        7.6
2026-05-10 14:37:02.664 [DEBUG] [BrakeSystemController] upper bound:        8.4
2026-05-10 14:37:02.664 [DEBUG] [BrakeSystemController] withinTolerance:    true
2026-05-10 14:37:02.664 [INFO ] [BrakeSystemController] Braking verified SUCCESS on attempt 1
2026-05-10 14:37:02.664 [DEBUG] [BrakeSystemController] --- verify ---
2026-05-10 14:37:02.665 [DEBUG] [BrakeSystemController] speedAtLastCommand: 16.67
2026-05-10 14:37:02.665 [DEBUG] [BrakeSystemController] currentSpeed:       13.922500000000015
2026-05-10 14:37:02.665 [DEBUG] [BrakeSystemController] elapsedMs:          350
2026-05-10 14:37:02.665 [DEBUG] [BrakeSystemController] actualDecel:        7.8499999999999615
2026-05-10 14:37:02.665 [DEBUG] [BrakeSystemController] targetDecel:        8.0
2026-05-10 14:37:02.665 [DEBUG] [BrakeSystemController] lower bound:        7.6
2026-05-10 14:37:02.665 [DEBUG] [BrakeSystemController] upper bound:        8.4
2026-05-10 14:37:02.665 [DEBUG] [BrakeSystemController] withinTolerance:    true
2026-05-10 14:37:02.665 [INFO ] [BrakeSystemController] Braking verified SUCCESS on attempt 1
2026-05-10 14:37:02.665 [DEBUG] [BrakeSystemController] --- verify ---
2026-05-10 14:37:02.665 [DEBUG] [BrakeSystemController] speedAtLastCommand: 16.67
2026-05-10 14:37:02.665 [DEBUG] [BrakeSystemController] currentSpeed:       13.844000000000015
2026-05-10 14:37:02.665 [DEBUG] [BrakeSystemController] elapsedMs:          360
2026-05-10 14:37:02.665 [DEBUG] [BrakeSystemController] actualDecel:        7.849999999999962
2026-05-10 14:37:02.665 [DEBUG] [BrakeSystemController] targetDecel:        8.0
2026-05-10 14:37:02.665 [DEBUG] [BrakeSystemController] lower bound:        7.6
2026-05-10 14:37:02.665 [DEBUG] [BrakeSystemController] upper bound:        8.4
2026-05-10 14:37:02.665 [DEBUG] [BrakeSystemController] withinTolerance:    true
2026-05-10 14:37:02.665 [INFO ] [BrakeSystemController] Braking verified SUCCESS on attempt 1
2026-05-10 14:37:02.665 [DEBUG] [BrakeSystemController] --- verify ---
2026-05-10 14:37:02.666 [DEBUG] [BrakeSystemController] speedAtLastCommand: 16.67
2026-05-10 14:37:02.666 [DEBUG] [BrakeSystemController] currentSpeed:       13.765500000000015
2026-05-10 14:37:02.666 [DEBUG] [BrakeSystemController] elapsedMs:          370
2026-05-10 14:37:02.666 [DEBUG] [BrakeSystemController] actualDecel:        7.849999999999963
2026-05-10 14:37:02.666 [DEBUG] [BrakeSystemController] targetDecel:        8.0
2026-05-10 14:37:02.666 [DEBUG] [BrakeSystemController] lower bound:        7.6
2026-05-10 14:37:02.666 [DEBUG] [BrakeSystemController] upper bound:        8.4
2026-05-10 14:37:02.666 [DEBUG] [BrakeSystemController] withinTolerance:    true
2026-05-10 14:37:02.666 [INFO ] [BrakeSystemController] Braking verified SUCCESS on attempt 1
2026-05-10 14:37:02.666 [DEBUG] [BrakeSystemController] --- verify ---
2026-05-10 14:37:02.666 [DEBUG] [BrakeSystemController] speedAtLastCommand: 16.67
2026-05-10 14:37:02.666 [DEBUG] [BrakeSystemController] currentSpeed:       13.687000000000015
2026-05-10 14:37:02.666 [DEBUG] [BrakeSystemController] elapsedMs:          380
2026-05-10 14:37:02.666 [DEBUG] [BrakeSystemController] actualDecel:        7.849999999999964
2026-05-10 14:37:02.666 [DEBUG] [BrakeSystemController] targetDecel:        8.0
2026-05-10 14:37:02.666 [DEBUG] [BrakeSystemController] lower bound:        7.6
2026-05-10 14:37:02.666 [DEBUG] [BrakeSystemController] upper bound:        8.4
2026-05-10 14:37:02.666 [DEBUG] [BrakeSystemController] withinTolerance:    true
2026-05-10 14:37:02.666 [INFO ] [BrakeSystemController] Braking verified SUCCESS on attempt 1
2026-05-10 14:37:02.667 [DEBUG] [BrakeSystemController] --- verify ---
2026-05-10 14:37:02.667 [DEBUG] [BrakeSystemController] speedAtLastCommand: 16.67
2026-05-10 14:37:02.667 [DEBUG] [BrakeSystemController] currentSpeed:       13.608500000000015
2026-05-10 14:37:02.667 [DEBUG] [BrakeSystemController] elapsedMs:          390
2026-05-10 14:37:02.667 [DEBUG] [BrakeSystemController] actualDecel:        7.849999999999965
2026-05-10 14:37:02.667 [DEBUG] [BrakeSystemController] targetDecel:        8.0
2026-05-10 14:37:02.667 [DEBUG] [BrakeSystemController] lower bound:        7.6
2026-05-10 14:37:02.667 [DEBUG] [BrakeSystemController] upper bound:        8.4
2026-05-10 14:37:02.667 [DEBUG] [BrakeSystemController] withinTolerance:    true
2026-05-10 14:37:02.667 [INFO ] [BrakeSystemController] Braking verified SUCCESS on attempt 1
2026-05-10 14:37:02.667 [DEBUG] [BrakeSystemController] --- verify ---
2026-05-10 14:37:02.667 [DEBUG] [BrakeSystemController] speedAtLastCommand: 16.67
2026-05-10 14:37:02.667 [DEBUG] [BrakeSystemController] currentSpeed:       13.530000000000015
2026-05-10 14:37:02.667 [DEBUG] [BrakeSystemController] elapsedMs:          400
2026-05-10 14:37:02.667 [DEBUG] [BrakeSystemController] actualDecel:        7.849999999999966
2026-05-10 14:37:02.667 [DEBUG] [BrakeSystemController] targetDecel:        8.0
2026-05-10 14:37:02.667 [DEBUG] [BrakeSystemController] lower bound:        7.6
2026-05-10 14:37:02.668 [DEBUG] [BrakeSystemController] upper bound:        8.4
2026-05-10 14:37:02.668 [DEBUG] [BrakeSystemController] withinTolerance:    true
2026-05-10 14:37:02.668 [INFO ] [BrakeSystemController] Braking verified SUCCESS on attempt 1
2026-05-10 14:37:02.668 [DEBUG] [BrakeSystemController] --- verify ---
2026-05-10 14:37:02.668 [DEBUG] [BrakeSystemController] speedAtLastCommand: 16.67
2026-05-10 14:37:02.668 [DEBUG] [BrakeSystemController] currentSpeed:       13.451500000000015
2026-05-10 14:37:02.668 [DEBUG] [BrakeSystemController] elapsedMs:          410
2026-05-10 14:37:02.668 [DEBUG] [BrakeSystemController] actualDecel:        7.849999999999968
2026-05-10 14:37:02.668 [DEBUG] [BrakeSystemController] targetDecel:        8.0
2026-05-10 14:37:02.668 [DEBUG] [BrakeSystemController] lower bound:        7.6
2026-05-10 14:37:02.668 [DEBUG] [BrakeSystemController] upper bound:        8.4
2026-05-10 14:37:02.668 [DEBUG] [BrakeSystemController] withinTolerance:    true
2026-05-10 14:37:02.668 [INFO ] [BrakeSystemController] Braking verified SUCCESS on attempt 1
2026-05-10 14:37:02.668 [DEBUG] [BrakeSystemController] --- verify ---
2026-05-10 14:37:02.668 [DEBUG] [BrakeSystemController] speedAtLastCommand: 16.67
2026-05-10 14:37:02.668 [DEBUG] [BrakeSystemController] currentSpeed:       13.373000000000015
2026-05-10 14:37:02.668 [DEBUG] [BrakeSystemController] elapsedMs:          420
2026-05-10 14:37:02.668 [DEBUG] [BrakeSystemController] actualDecel:        7.849999999999968
2026-05-10 14:37:02.668 [DEBUG] [BrakeSystemController] targetDecel:        8.0
2026-05-10 14:37:02.668 [DEBUG] [BrakeSystemController] lower bound:        7.6
2026-05-10 14:37:02.668 [DEBUG] [BrakeSystemController] upper bound:        8.4
2026-05-10 14:37:02.668 [DEBUG] [BrakeSystemController] withinTolerance:    true
2026-05-10 14:37:02.668 [INFO ] [BrakeSystemController] Braking verified SUCCESS on attempt 1
2026-05-10 14:37:02.669 [DEBUG] [BrakeSystemController] --- verify ---
2026-05-10 14:37:02.669 [DEBUG] [BrakeSystemController] speedAtLastCommand: 16.67
2026-05-10 14:37:02.669 [DEBUG] [BrakeSystemController] currentSpeed:       13.294500000000015
2026-05-10 14:37:02.669 [DEBUG] [BrakeSystemController] elapsedMs:          430
2026-05-10 14:37:02.669 [DEBUG] [BrakeSystemController] actualDecel:        7.849999999999969
2026-05-10 14:37:02.669 [DEBUG] [BrakeSystemController] targetDecel:        8.0
2026-05-10 14:37:02.669 [DEBUG] [BrakeSystemController] lower bound:        7.6
2026-05-10 14:37:02.669 [DEBUG] [BrakeSystemController] upper bound:        8.4
2026-05-10 14:37:02.669 [DEBUG] [BrakeSystemController] withinTolerance:    true
2026-05-10 14:37:02.669 [INFO ] [BrakeSystemController] Braking verified SUCCESS on attempt 1
2026-05-10 14:37:02.669 [DEBUG] [BrakeSystemController] --- verify ---
2026-05-10 14:37:02.669 [DEBUG] [BrakeSystemController] speedAtLastCommand: 16.67
2026-05-10 14:37:02.669 [DEBUG] [BrakeSystemController] currentSpeed:       13.216000000000015
2026-05-10 14:37:02.669 [DEBUG] [BrakeSystemController] elapsedMs:          440
2026-05-10 14:37:02.669 [DEBUG] [BrakeSystemController] actualDecel:        7.8499999999999694
2026-05-10 14:37:02.669 [DEBUG] [BrakeSystemController] targetDecel:        8.0
2026-05-10 14:37:02.669 [DEBUG] [BrakeSystemController] lower bound:        7.6
2026-05-10 14:37:02.669 [DEBUG] [BrakeSystemController] upper bound:        8.4
2026-05-10 14:37:02.669 [DEBUG] [BrakeSystemController] withinTolerance:    true
2026-05-10 14:37:02.669 [INFO ] [BrakeSystemController] Braking verified SUCCESS on attempt 1
2026-05-10 14:37:02.669 [DEBUG] [BrakeSystemController] --- verify ---
2026-05-10 14:37:02.669 [DEBUG] [BrakeSystemController] speedAtLastCommand: 16.67
2026-05-10 14:37:02.669 [DEBUG] [BrakeSystemController] currentSpeed:       13.137500000000015
2026-05-10 14:37:02.669 [DEBUG] [BrakeSystemController] elapsedMs:          450
2026-05-10 14:37:02.669 [DEBUG] [BrakeSystemController] actualDecel:        7.8499999999999694
2026-05-10 14:37:02.669 [DEBUG] [BrakeSystemController] targetDecel:        8.0
2026-05-10 14:37:02.669 [DEBUG] [BrakeSystemController] lower bound:        7.6
2026-05-10 14:37:02.669 [DEBUG] [BrakeSystemController] upper bound:        8.4
2026-05-10 14:37:02.669 [DEBUG] [BrakeSystemController] withinTolerance:    true
2026-05-10 14:37:02.669 [INFO ] [BrakeSystemController] Braking verified SUCCESS on attempt 1
2026-05-10 14:37:02.670 [DEBUG] [BrakeSystemController] --- verify ---
2026-05-10 14:37:02.670 [DEBUG] [BrakeSystemController] speedAtLastCommand: 16.67
2026-05-10 14:37:02.670 [DEBUG] [BrakeSystemController] currentSpeed:       13.059000000000015
2026-05-10 14:37:02.670 [DEBUG] [BrakeSystemController] elapsedMs:          460
2026-05-10 14:37:02.670 [DEBUG] [BrakeSystemController] actualDecel:        7.84999999999997
2026-05-10 14:37:02.670 [DEBUG] [BrakeSystemController] targetDecel:        8.0
2026-05-10 14:37:02.670 [DEBUG] [BrakeSystemController] lower bound:        7.6
2026-05-10 14:37:02.670 [DEBUG] [BrakeSystemController] upper bound:        8.4
2026-05-10 14:37:02.670 [DEBUG] [BrakeSystemController] withinTolerance:    true
2026-05-10 14:37:02.670 [INFO ] [BrakeSystemController] Braking verified SUCCESS on attempt 1
2026-05-10 14:37:02.670 [DEBUG] [BrakeSystemController] --- verify ---
2026-05-10 14:37:02.670 [DEBUG] [BrakeSystemController] speedAtLastCommand: 16.67
2026-05-10 14:37:02.670 [DEBUG] [BrakeSystemController] currentSpeed:       12.980500000000015
2026-05-10 14:37:02.670 [DEBUG] [BrakeSystemController] elapsedMs:          470
2026-05-10 14:37:02.670 [DEBUG] [BrakeSystemController] actualDecel:        7.849999999999971
2026-05-10 14:37:02.670 [DEBUG] [BrakeSystemController] targetDecel:        8.0
2026-05-10 14:37:02.670 [DEBUG] [BrakeSystemController] lower bound:        7.6
2026-05-10 14:37:02.670 [DEBUG] [BrakeSystemController] upper bound:        8.4
2026-05-10 14:37:02.670 [DEBUG] [BrakeSystemController] withinTolerance:    true
2026-05-10 14:37:02.670 [INFO ] [BrakeSystemController] Braking verified SUCCESS on attempt 1
2026-05-10 14:37:02.670 [DEBUG] [BrakeSystemController] --- verify ---
2026-05-10 14:37:02.670 [DEBUG] [BrakeSystemController] speedAtLastCommand: 16.67
2026-05-10 14:37:02.670 [DEBUG] [BrakeSystemController] currentSpeed:       12.902000000000015
2026-05-10 14:37:02.670 [DEBUG] [BrakeSystemController] elapsedMs:          480
2026-05-10 14:37:02.670 [DEBUG] [BrakeSystemController] actualDecel:        7.849999999999972
2026-05-10 14:37:02.670 [DEBUG] [BrakeSystemController] targetDecel:        8.0
2026-05-10 14:37:02.670 [DEBUG] [BrakeSystemController] lower bound:        7.6
2026-05-10 14:37:02.670 [DEBUG] [BrakeSystemController] upper bound:        8.4
2026-05-10 14:37:02.670 [DEBUG] [BrakeSystemController] withinTolerance:    true
2026-05-10 14:37:02.670 [INFO ] [BrakeSystemController] Braking verified SUCCESS on attempt 1
2026-05-10 14:37:02.670 [DEBUG] [BrakeSystemController] --- verify ---
2026-05-10 14:37:02.670 [DEBUG] [BrakeSystemController] speedAtLastCommand: 16.67
2026-05-10 14:37:02.670 [DEBUG] [BrakeSystemController] currentSpeed:       12.823500000000015
2026-05-10 14:37:02.670 [DEBUG] [BrakeSystemController] elapsedMs:          490
2026-05-10 14:37:02.670 [DEBUG] [BrakeSystemController] actualDecel:        7.849999999999973
2026-05-10 14:37:02.670 [DEBUG] [BrakeSystemController] targetDecel:        8.0
2026-05-10 14:37:02.670 [DEBUG] [BrakeSystemController] lower bound:        7.6
2026-05-10 14:37:02.670 [DEBUG] [BrakeSystemController] upper bound:        8.4
2026-05-10 14:37:02.670 [DEBUG] [BrakeSystemController] withinTolerance:    true
2026-05-10 14:37:02.670 [INFO ] [BrakeSystemController] Braking verified SUCCESS on attempt 1
2026-05-10 14:37:02.670 [DEBUG] [BrakeSystemController] --- verify ---
2026-05-10 14:37:02.670 [DEBUG] [BrakeSystemController] speedAtLastCommand: 16.67
2026-05-10 14:37:02.670 [DEBUG] [BrakeSystemController] currentSpeed:       12.745000000000015
2026-05-10 14:37:02.670 [DEBUG] [BrakeSystemController] elapsedMs:          500
2026-05-10 14:37:02.670 [DEBUG] [BrakeSystemController] actualDecel:        7.849999999999973
2026-05-10 14:37:02.670 [DEBUG] [BrakeSystemController] targetDecel:        8.0
2026-05-10 14:37:02.670 [DEBUG] [BrakeSystemController] lower bound:        7.6
2026-05-10 14:37:02.670 [DEBUG] [BrakeSystemController] upper bound:        8.4
2026-05-10 14:37:02.670 [DEBUG] [BrakeSystemController] withinTolerance:    true
2026-05-10 14:37:02.670 [INFO ] [BrakeSystemController] Braking verified SUCCESS on attempt 1
2026-05-10 14:37:02.672 [DEBUG] [BrakeSystemController] --- verify ---
2026-05-10 14:37:02.672 [DEBUG] [BrakeSystemController] speedAtLastCommand: 16.67
2026-05-10 14:37:02.672 [DEBUG] [BrakeSystemController] currentSpeed:       12.666500000000015
2026-05-10 14:37:02.672 [DEBUG] [BrakeSystemController] elapsedMs:          510
2026-05-10 14:37:02.672 [DEBUG] [BrakeSystemController] actualDecel:        7.849999999999973
2026-05-10 14:37:02.672 [DEBUG] [BrakeSystemController] targetDecel:        8.0
2026-05-10 14:37:02.672 [DEBUG] [BrakeSystemController] lower bound:        7.6
2026-05-10 14:37:02.672 [DEBUG] [BrakeSystemController] upper bound:        8.4
2026-05-10 14:37:02.672 [DEBUG] [BrakeSystemController] withinTolerance:    true
2026-05-10 14:37:02.672 [INFO ] [BrakeSystemController] Braking verified SUCCESS on attempt 1
2026-05-10 14:37:02.672 [DEBUG] [BrakeSystemController] --- verify ---
2026-05-10 14:37:02.672 [DEBUG] [BrakeSystemController] speedAtLastCommand: 16.67
2026-05-10 14:37:02.672 [DEBUG] [BrakeSystemController] currentSpeed:       12.588000000000015
2026-05-10 14:37:02.672 [DEBUG] [BrakeSystemController] elapsedMs:          520
2026-05-10 14:37:02.672 [DEBUG] [BrakeSystemController] actualDecel:        7.849999999999974
2026-05-10 14:37:02.672 [DEBUG] [BrakeSystemController] targetDecel:        8.0
2026-05-10 14:37:02.672 [DEBUG] [BrakeSystemController] lower bound:        7.6
2026-05-10 14:37:02.672 [DEBUG] [BrakeSystemController] upper bound:        8.4
2026-05-10 14:37:02.672 [DEBUG] [BrakeSystemController] withinTolerance:    true
2026-05-10 14:37:02.672 [INFO ] [BrakeSystemController] Braking verified SUCCESS on attempt 1
2026-05-10 14:37:02.673 [DEBUG] [BrakeSystemController] --- verify ---
2026-05-10 14:37:02.673 [DEBUG] [BrakeSystemController] speedAtLastCommand: 16.67
2026-05-10 14:37:02.673 [DEBUG] [BrakeSystemController] currentSpeed:       12.509500000000015
2026-05-10 14:37:02.673 [DEBUG] [BrakeSystemController] elapsedMs:          530
2026-05-10 14:37:02.673 [DEBUG] [BrakeSystemController] actualDecel:        7.849999999999974
2026-05-10 14:37:02.673 [DEBUG] [BrakeSystemController] targetDecel:        8.0
2026-05-10 14:37:02.673 [DEBUG] [BrakeSystemController] lower bound:        7.6
2026-05-10 14:37:02.673 [DEBUG] [BrakeSystemController] upper bound:        8.4
2026-05-10 14:37:02.673 [DEBUG] [BrakeSystemController] withinTolerance:    true
2026-05-10 14:37:02.673 [INFO ] [BrakeSystemController] Braking verified SUCCESS on attempt 1
2026-05-10 14:37:02.673 [DEBUG] [BrakeSystemController] --- verify ---
2026-05-10 14:37:02.673 [DEBUG] [BrakeSystemController] speedAtLastCommand: 16.67
2026-05-10 14:37:02.673 [DEBUG] [BrakeSystemController] currentSpeed:       12.431000000000015
2026-05-10 14:37:02.673 [DEBUG] [BrakeSystemController] elapsedMs:          540
2026-05-10 14:37:02.673 [DEBUG] [BrakeSystemController] actualDecel:        7.849999999999975
2026-05-10 14:37:02.673 [DEBUG] [BrakeSystemController] targetDecel:        8.0
2026-05-10 14:37:02.673 [DEBUG] [BrakeSystemController] lower bound:        7.6
2026-05-10 14:37:02.673 [DEBUG] [BrakeSystemController] upper bound:        8.4
2026-05-10 14:37:02.673 [DEBUG] [BrakeSystemController] withinTolerance:    true
2026-05-10 14:37:02.673 [INFO ] [BrakeSystemController] Braking verified SUCCESS on attempt 1
2026-05-10 14:37:02.673 [DEBUG] [BrakeSystemController] --- verify ---
2026-05-10 14:37:02.673 [DEBUG] [BrakeSystemController] speedAtLastCommand: 16.67
2026-05-10 14:37:02.673 [DEBUG] [BrakeSystemController] currentSpeed:       12.352500000000015
2026-05-10 14:37:02.673 [DEBUG] [BrakeSystemController] elapsedMs:          550
2026-05-10 14:37:02.673 [DEBUG] [BrakeSystemController] actualDecel:        7.849999999999975
2026-05-10 14:37:02.673 [DEBUG] [BrakeSystemController] targetDecel:        8.0
2026-05-10 14:37:02.673 [DEBUG] [BrakeSystemController] lower bound:        7.6
2026-05-10 14:37:02.673 [DEBUG] [BrakeSystemController] upper bound:        8.4
2026-05-10 14:37:02.673 [DEBUG] [BrakeSystemController] withinTolerance:    true
2026-05-10 14:37:02.673 [INFO ] [BrakeSystemController] Braking verified SUCCESS on attempt 1
2026-05-10 14:37:02.674 [DEBUG] [BrakeSystemController] --- verify ---
2026-05-10 14:37:02.674 [DEBUG] [BrakeSystemController] speedAtLastCommand: 16.67
2026-05-10 14:37:02.674 [DEBUG] [BrakeSystemController] currentSpeed:       12.274000000000015
2026-05-10 14:37:02.674 [DEBUG] [BrakeSystemController] elapsedMs:          560
2026-05-10 14:37:02.674 [DEBUG] [BrakeSystemController] actualDecel:        7.849999999999976
2026-05-10 14:37:02.674 [DEBUG] [BrakeSystemController] targetDecel:        8.0
2026-05-10 14:37:02.674 [DEBUG] [BrakeSystemController] lower bound:        7.6
2026-05-10 14:37:02.674 [DEBUG] [BrakeSystemController] upper bound:        8.4
2026-05-10 14:37:02.674 [DEBUG] [BrakeSystemController] withinTolerance:    true
2026-05-10 14:37:02.674 [INFO ] [BrakeSystemController] Braking verified SUCCESS on attempt 1
2026-05-10 14:37:02.674 [DEBUG] [BrakeSystemController] --- verify ---
2026-05-10 14:37:02.674 [DEBUG] [BrakeSystemController] speedAtLastCommand: 16.67
2026-05-10 14:37:02.674 [DEBUG] [BrakeSystemController] currentSpeed:       12.195500000000015
2026-05-10 14:37:02.674 [DEBUG] [BrakeSystemController] elapsedMs:          570
2026-05-10 14:37:02.674 [DEBUG] [BrakeSystemController] actualDecel:        7.849999999999977
2026-05-10 14:37:02.674 [DEBUG] [BrakeSystemController] targetDecel:        8.0
2026-05-10 14:37:02.674 [DEBUG] [BrakeSystemController] lower bound:        7.6
2026-05-10 14:37:02.674 [DEBUG] [BrakeSystemController] upper bound:        8.4
2026-05-10 14:37:02.674 [DEBUG] [BrakeSystemController] withinTolerance:    true
2026-05-10 14:37:02.674 [INFO ] [BrakeSystemController] Braking verified SUCCESS on attempt 1
2026-05-10 14:37:02.674 [DEBUG] [BrakeSystemController] --- verify ---
2026-05-10 14:37:02.674 [DEBUG] [BrakeSystemController] speedAtLastCommand: 16.67
2026-05-10 14:37:02.674 [DEBUG] [BrakeSystemController] currentSpeed:       12.117000000000015
2026-05-10 14:37:02.674 [DEBUG] [BrakeSystemController] elapsedMs:          580
2026-05-10 14:37:02.674 [DEBUG] [BrakeSystemController] actualDecel:        7.849999999999977
2026-05-10 14:37:02.674 [DEBUG] [BrakeSystemController] targetDecel:        8.0
2026-05-10 14:37:02.674 [DEBUG] [BrakeSystemController] lower bound:        7.6
2026-05-10 14:37:02.674 [DEBUG] [BrakeSystemController] upper bound:        8.4
2026-05-10 14:37:02.674 [DEBUG] [BrakeSystemController] withinTolerance:    true
2026-05-10 14:37:02.674 [INFO ] [BrakeSystemController] Braking verified SUCCESS on attempt 1
2026-05-10 14:37:02.674 [DEBUG] [BrakeSystemController] --- verify ---
2026-05-10 14:37:02.674 [DEBUG] [BrakeSystemController] speedAtLastCommand: 16.67
2026-05-10 14:37:02.674 [DEBUG] [BrakeSystemController] currentSpeed:       12.038500000000015
2026-05-10 14:37:02.674 [DEBUG] [BrakeSystemController] elapsedMs:          590
2026-05-10 14:37:02.674 [DEBUG] [BrakeSystemController] actualDecel:        7.849999999999977
2026-05-10 14:37:02.674 [DEBUG] [BrakeSystemController] targetDecel:        8.0
2026-05-10 14:37:02.674 [DEBUG] [BrakeSystemController] lower bound:        7.6
2026-05-10 14:37:02.674 [DEBUG] [BrakeSystemController] upper bound:        8.4
2026-05-10 14:37:02.674 [DEBUG] [BrakeSystemController] withinTolerance:    true
2026-05-10 14:37:02.674 [INFO ] [BrakeSystemController] Braking verified SUCCESS on attempt 1
2026-05-10 14:37:02.674 [DEBUG] [BrakeSystemController] --- verify ---
2026-05-10 14:37:02.674 [DEBUG] [BrakeSystemController] speedAtLastCommand: 16.67
2026-05-10 14:37:02.674 [DEBUG] [BrakeSystemController] currentSpeed:       11.960000000000015
2026-05-10 14:37:02.674 [DEBUG] [BrakeSystemController] elapsedMs:          600
2026-05-10 14:37:02.674 [DEBUG] [BrakeSystemController] actualDecel:        7.849999999999978
2026-05-10 14:37:02.674 [DEBUG] [BrakeSystemController] targetDecel:        8.0
2026-05-10 14:37:02.674 [DEBUG] [BrakeSystemController] lower bound:        7.6
2026-05-10 14:37:02.674 [DEBUG] [BrakeSystemController] upper bound:        8.4
2026-05-10 14:37:02.674 [DEBUG] [BrakeSystemController] withinTolerance:    true
2026-05-10 14:37:02.674 [INFO ] [BrakeSystemController] Braking verified SUCCESS on attempt 1
2026-05-10 14:37:02.674 [DEBUG] [BrakeSystemController] --- verify ---
2026-05-10 14:37:02.674 [DEBUG] [BrakeSystemController] speedAtLastCommand: 16.67
2026-05-10 14:37:02.674 [DEBUG] [BrakeSystemController] currentSpeed:       11.881500000000015
2026-05-10 14:37:02.674 [DEBUG] [BrakeSystemController] elapsedMs:          610
2026-05-10 14:37:02.675 [DEBUG] [BrakeSystemController] actualDecel:        7.849999999999978
2026-05-10 14:37:02.675 [DEBUG] [BrakeSystemController] targetDecel:        8.0
2026-05-10 14:37:02.675 [DEBUG] [BrakeSystemController] lower bound:        7.6
2026-05-10 14:37:02.675 [DEBUG] [BrakeSystemController] upper bound:        8.4
2026-05-10 14:37:02.675 [DEBUG] [BrakeSystemController] withinTolerance:    true
2026-05-10 14:37:02.675 [INFO ] [BrakeSystemController] Braking verified SUCCESS on attempt 1
2026-05-10 14:37:02.675 [DEBUG] [BrakeSystemController] --- verify ---
2026-05-10 14:37:02.675 [DEBUG] [BrakeSystemController] speedAtLastCommand: 16.67
2026-05-10 14:37:02.675 [DEBUG] [BrakeSystemController] currentSpeed:       11.803000000000015
2026-05-10 14:37:02.675 [DEBUG] [BrakeSystemController] elapsedMs:          620
2026-05-10 14:37:02.675 [DEBUG] [BrakeSystemController] actualDecel:        7.849999999999978
2026-05-10 14:37:02.675 [DEBUG] [BrakeSystemController] targetDecel:        8.0
2026-05-10 14:37:02.675 [DEBUG] [BrakeSystemController] lower bound:        7.6
2026-05-10 14:37:02.675 [DEBUG] [BrakeSystemController] upper bound:        8.4
2026-05-10 14:37:02.675 [DEBUG] [BrakeSystemController] withinTolerance:    true
2026-05-10 14:37:02.675 [INFO ] [BrakeSystemController] Braking verified SUCCESS on attempt 1
2026-05-10 14:37:02.675 [DEBUG] [BrakeSystemController] --- verify ---
2026-05-10 14:37:02.675 [DEBUG] [BrakeSystemController] speedAtLastCommand: 16.67
2026-05-10 14:37:02.675 [DEBUG] [BrakeSystemController] currentSpeed:       11.724500000000015
2026-05-10 14:37:02.675 [DEBUG] [BrakeSystemController] elapsedMs:          630
2026-05-10 14:37:02.675 [DEBUG] [BrakeSystemController] actualDecel:        7.849999999999979
2026-05-10 14:37:02.675 [DEBUG] [BrakeSystemController] targetDecel:        8.0
2026-05-10 14:37:02.675 [DEBUG] [BrakeSystemController] lower bound:        7.6
2026-05-10 14:37:02.675 [DEBUG] [BrakeSystemController] upper bound:        8.4
2026-05-10 14:37:02.675 [DEBUG] [BrakeSystemController] withinTolerance:    true
2026-05-10 14:37:02.675 [INFO ] [BrakeSystemController] Braking verified SUCCESS on attempt 1
2026-05-10 14:37:02.675 [DEBUG] [BrakeSystemController] --- verify ---
2026-05-10 14:37:02.675 [DEBUG] [BrakeSystemController] speedAtLastCommand: 16.67
2026-05-10 14:37:02.675 [DEBUG] [BrakeSystemController] currentSpeed:       11.646000000000015
2026-05-10 14:37:02.675 [DEBUG] [BrakeSystemController] elapsedMs:          640
2026-05-10 14:37:02.675 [DEBUG] [BrakeSystemController] actualDecel:        7.849999999999979
2026-05-10 14:37:02.675 [DEBUG] [BrakeSystemController] targetDecel:        8.0
2026-05-10 14:37:02.675 [DEBUG] [BrakeSystemController] lower bound:        7.6
2026-05-10 14:37:02.675 [DEBUG] [BrakeSystemController] upper bound:        8.4
2026-05-10 14:37:02.675 [DEBUG] [BrakeSystemController] withinTolerance:    true
2026-05-10 14:37:02.675 [INFO ] [BrakeSystemController] Braking verified SUCCESS on attempt 1
2026-05-10 14:37:02.676 [DEBUG] [BrakeSystemController] --- verify ---
2026-05-10 14:37:02.676 [DEBUG] [BrakeSystemController] speedAtLastCommand: 16.67
2026-05-10 14:37:02.676 [DEBUG] [BrakeSystemController] currentSpeed:       11.567500000000015
2026-05-10 14:37:02.676 [DEBUG] [BrakeSystemController] elapsedMs:          650
2026-05-10 14:37:02.676 [DEBUG] [BrakeSystemController] actualDecel:        7.849999999999979
2026-05-10 14:37:02.676 [DEBUG] [BrakeSystemController] targetDecel:        8.0
2026-05-10 14:37:02.676 [DEBUG] [BrakeSystemController] lower bound:        7.6
2026-05-10 14:37:02.676 [DEBUG] [BrakeSystemController] upper bound:        8.4
2026-05-10 14:37:02.676 [DEBUG] [BrakeSystemController] withinTolerance:    true
2026-05-10 14:37:02.676 [INFO ] [BrakeSystemController] Braking verified SUCCESS on attempt 1
2026-05-10 14:37:02.676 [DEBUG] [BrakeSystemController] --- verify ---
2026-05-10 14:37:02.676 [DEBUG] [BrakeSystemController] speedAtLastCommand: 16.67
2026-05-10 14:37:02.676 [DEBUG] [BrakeSystemController] currentSpeed:       11.489000000000015
2026-05-10 14:37:02.676 [DEBUG] [BrakeSystemController] elapsedMs:          660
2026-05-10 14:37:02.676 [DEBUG] [BrakeSystemController] actualDecel:        7.849999999999979
2026-05-10 14:37:02.676 [DEBUG] [BrakeSystemController] targetDecel:        8.0
2026-05-10 14:37:02.676 [DEBUG] [BrakeSystemController] lower bound:        7.6
2026-05-10 14:37:02.676 [DEBUG] [BrakeSystemController] upper bound:        8.4
2026-05-10 14:37:02.676 [DEBUG] [BrakeSystemController] withinTolerance:    true
2026-05-10 14:37:02.676 [INFO ] [BrakeSystemController] Braking verified SUCCESS on attempt 1
2026-05-10 14:37:02.676 [DEBUG] [BrakeSystemController] --- verify ---
2026-05-10 14:37:02.676 [DEBUG] [BrakeSystemController] speedAtLastCommand: 16.67
2026-05-10 14:37:02.676 [DEBUG] [BrakeSystemController] currentSpeed:       11.410500000000015
2026-05-10 14:37:02.676 [DEBUG] [BrakeSystemController] elapsedMs:          670
2026-05-10 14:37:02.676 [DEBUG] [BrakeSystemController] actualDecel:        7.84999999999998
2026-05-10 14:37:02.676 [DEBUG] [BrakeSystemController] targetDecel:        8.0
2026-05-10 14:37:02.676 [DEBUG] [BrakeSystemController] lower bound:        7.6
2026-05-10 14:37:02.676 [DEBUG] [BrakeSystemController] upper bound:        8.4
2026-05-10 14:37:02.676 [DEBUG] [BrakeSystemController] withinTolerance:    true
2026-05-10 14:37:02.676 [INFO ] [BrakeSystemController] Braking verified SUCCESS on attempt 1
2026-05-10 14:37:02.676 [DEBUG] [BrakeSystemController] --- verify ---
2026-05-10 14:37:02.676 [DEBUG] [BrakeSystemController] speedAtLastCommand: 16.67
2026-05-10 14:37:02.676 [DEBUG] [BrakeSystemController] currentSpeed:       11.332000000000015
2026-05-10 14:37:02.676 [DEBUG] [BrakeSystemController] elapsedMs:          680
2026-05-10 14:37:02.676 [DEBUG] [BrakeSystemController] actualDecel:        7.84999999999998
2026-05-10 14:37:02.676 [DEBUG] [BrakeSystemController] targetDecel:        8.0
2026-05-10 14:37:02.676 [DEBUG] [BrakeSystemController] lower bound:        7.6
2026-05-10 14:37:02.676 [DEBUG] [BrakeSystemController] upper bound:        8.4
2026-05-10 14:37:02.676 [DEBUG] [BrakeSystemController] withinTolerance:    true
2026-05-10 14:37:02.676 [INFO ] [BrakeSystemController] Braking verified SUCCESS on attempt 1
2026-05-10 14:37:02.677 [DEBUG] [BrakeSystemController] --- verify ---
2026-05-10 14:37:02.677 [DEBUG] [BrakeSystemController] speedAtLastCommand: 16.67
2026-05-10 14:37:02.677 [DEBUG] [BrakeSystemController] currentSpeed:       11.253500000000015
2026-05-10 14:37:02.677 [DEBUG] [BrakeSystemController] elapsedMs:          690
2026-05-10 14:37:02.677 [DEBUG] [BrakeSystemController] actualDecel:        7.849999999999981
2026-05-10 14:37:02.677 [DEBUG] [BrakeSystemController] targetDecel:        8.0
2026-05-10 14:37:02.677 [DEBUG] [BrakeSystemController] lower bound:        7.6
2026-05-10 14:37:02.677 [DEBUG] [BrakeSystemController] upper bound:        8.4
2026-05-10 14:37:02.677 [DEBUG] [BrakeSystemController] withinTolerance:    true
2026-05-10 14:37:02.677 [INFO ] [BrakeSystemController] Braking verified SUCCESS on attempt 1
2026-05-10 14:37:02.677 [DEBUG] [BrakeSystemController] --- verify ---
2026-05-10 14:37:02.677 [DEBUG] [BrakeSystemController] speedAtLastCommand: 16.67
2026-05-10 14:37:02.677 [DEBUG] [BrakeSystemController] currentSpeed:       11.175000000000015
2026-05-10 14:37:02.677 [DEBUG] [BrakeSystemController] elapsedMs:          700
2026-05-10 14:37:02.677 [DEBUG] [BrakeSystemController] actualDecel:        7.849999999999982
2026-05-10 14:37:02.677 [DEBUG] [BrakeSystemController] targetDecel:        8.0
2026-05-10 14:37:02.677 [DEBUG] [BrakeSystemController] lower bound:        7.6
2026-05-10 14:37:02.677 [DEBUG] [BrakeSystemController] upper bound:        8.4
2026-05-10 14:37:02.677 [DEBUG] [BrakeSystemController] withinTolerance:    true
2026-05-10 14:37:02.677 [INFO ] [BrakeSystemController] Braking verified SUCCESS on attempt 1
2026-05-10 14:37:02.677 [DEBUG] [BrakeSystemController] --- verify ---
2026-05-10 14:37:02.677 [DEBUG] [BrakeSystemController] speedAtLastCommand: 16.67
2026-05-10 14:37:02.677 [DEBUG] [BrakeSystemController] currentSpeed:       11.096500000000015
2026-05-10 14:37:02.677 [DEBUG] [BrakeSystemController] elapsedMs:          710
2026-05-10 14:37:02.677 [DEBUG] [BrakeSystemController] actualDecel:        7.849999999999982
2026-05-10 14:37:02.677 [DEBUG] [BrakeSystemController] targetDecel:        8.0
2026-05-10 14:37:02.677 [DEBUG] [BrakeSystemController] lower bound:        7.6
2026-05-10 14:37:02.677 [DEBUG] [BrakeSystemController] upper bound:        8.4
2026-05-10 14:37:02.677 [DEBUG] [BrakeSystemController] withinTolerance:    true
2026-05-10 14:37:02.677 [INFO ] [BrakeSystemController] Braking verified SUCCESS on attempt 1
2026-05-10 14:37:02.677 [DEBUG] [BrakeSystemController] --- verify ---
2026-05-10 14:37:02.677 [DEBUG] [BrakeSystemController] speedAtLastCommand: 16.67
2026-05-10 14:37:02.677 [DEBUG] [BrakeSystemController] currentSpeed:       11.018000000000015
2026-05-10 14:37:02.677 [DEBUG] [BrakeSystemController] elapsedMs:          720
2026-05-10 14:37:02.677 [DEBUG] [BrakeSystemController] actualDecel:        7.849999999999982
2026-05-10 14:37:02.677 [DEBUG] [BrakeSystemController] targetDecel:        8.0
2026-05-10 14:37:02.678 [DEBUG] [BrakeSystemController] lower bound:        7.6
2026-05-10 14:37:02.678 [DEBUG] [BrakeSystemController] upper bound:        8.4
2026-05-10 14:37:02.678 [DEBUG] [BrakeSystemController] withinTolerance:    true
2026-05-10 14:37:02.678 [INFO ] [BrakeSystemController] Braking verified SUCCESS on attempt 1
2026-05-10 14:37:02.678 [DEBUG] [BrakeSystemController] --- verify ---
2026-05-10 14:37:02.678 [DEBUG] [BrakeSystemController] speedAtLastCommand: 16.67
2026-05-10 14:37:02.678 [DEBUG] [BrakeSystemController] currentSpeed:       10.939500000000015
2026-05-10 14:37:02.678 [DEBUG] [BrakeSystemController] elapsedMs:          730
2026-05-10 14:37:02.678 [DEBUG] [BrakeSystemController] actualDecel:        7.849999999999982
2026-05-10 14:37:02.678 [DEBUG] [BrakeSystemController] targetDecel:        8.0
2026-05-10 14:37:02.678 [DEBUG] [BrakeSystemController] lower bound:        7.6
2026-05-10 14:37:02.678 [DEBUG] [BrakeSystemController] upper bound:        8.4
2026-05-10 14:37:02.678 [DEBUG] [BrakeSystemController] withinTolerance:    true
2026-05-10 14:37:02.678 [INFO ] [BrakeSystemController] Braking verified SUCCESS on attempt 1
2026-05-10 14:37:02.678 [DEBUG] [BrakeSystemController] --- verify ---
2026-05-10 14:37:02.678 [DEBUG] [BrakeSystemController] speedAtLastCommand: 16.67
2026-05-10 14:37:02.678 [DEBUG] [BrakeSystemController] currentSpeed:       10.861000000000015
2026-05-10 14:37:02.678 [DEBUG] [BrakeSystemController] elapsedMs:          740
2026-05-10 14:37:02.678 [DEBUG] [BrakeSystemController] actualDecel:        7.849999999999982
2026-05-10 14:37:02.678 [DEBUG] [BrakeSystemController] targetDecel:        8.0
2026-05-10 14:37:02.678 [DEBUG] [BrakeSystemController] lower bound:        7.6
2026-05-10 14:37:02.678 [DEBUG] [BrakeSystemController] upper bound:        8.4
2026-05-10 14:37:02.678 [DEBUG] [BrakeSystemController] withinTolerance:    true
2026-05-10 14:37:02.678 [INFO ] [BrakeSystemController] Braking verified SUCCESS on attempt 1
2026-05-10 14:37:02.678 [DEBUG] [BrakeSystemController] --- verify ---
2026-05-10 14:37:02.678 [DEBUG] [BrakeSystemController] speedAtLastCommand: 16.67
2026-05-10 14:37:02.678 [DEBUG] [BrakeSystemController] currentSpeed:       10.782500000000015
2026-05-10 14:37:02.678 [DEBUG] [BrakeSystemController] elapsedMs:          750
2026-05-10 14:37:02.678 [DEBUG] [BrakeSystemController] actualDecel:        7.849999999999983
2026-05-10 14:37:02.678 [DEBUG] [BrakeSystemController] targetDecel:        8.0
2026-05-10 14:37:02.678 [DEBUG] [BrakeSystemController] lower bound:        7.6
2026-05-10 14:37:02.678 [DEBUG] [BrakeSystemController] upper bound:        8.4
2026-05-10 14:37:02.678 [DEBUG] [BrakeSystemController] withinTolerance:    true
2026-05-10 14:37:02.678 [INFO ] [BrakeSystemController] Braking verified SUCCESS on attempt 1
2026-05-10 14:37:02.678 [DEBUG] [BrakeSystemController] --- verify ---
2026-05-10 14:37:02.678 [DEBUG] [BrakeSystemController] speedAtLastCommand: 16.67
2026-05-10 14:37:02.678 [DEBUG] [BrakeSystemController] currentSpeed:       10.704000000000015
2026-05-10 14:37:02.678 [DEBUG] [BrakeSystemController] elapsedMs:          760
2026-05-10 14:37:02.678 [DEBUG] [BrakeSystemController] actualDecel:        7.849999999999983
2026-05-10 14:37:02.678 [DEBUG] [BrakeSystemController] targetDecel:        8.0
2026-05-10 14:37:02.678 [DEBUG] [BrakeSystemController] lower bound:        7.6
2026-05-10 14:37:02.678 [DEBUG] [BrakeSystemController] upper bound:        8.4
2026-05-10 14:37:02.678 [DEBUG] [BrakeSystemController] withinTolerance:    true
2026-05-10 14:37:02.678 [INFO ] [BrakeSystemController] Braking verified SUCCESS on attempt 1
2026-05-10 14:37:02.678 [DEBUG] [BrakeSystemController] --- verify ---
2026-05-10 14:37:02.678 [DEBUG] [BrakeSystemController] speedAtLastCommand: 16.67
2026-05-10 14:37:02.678 [DEBUG] [BrakeSystemController] currentSpeed:       10.625500000000015
2026-05-10 14:37:02.678 [DEBUG] [BrakeSystemController] elapsedMs:          770
2026-05-10 14:37:02.678 [DEBUG] [BrakeSystemController] actualDecel:        7.849999999999983
2026-05-10 14:37:02.678 [DEBUG] [BrakeSystemController] targetDecel:        8.0
2026-05-10 14:37:02.678 [DEBUG] [BrakeSystemController] lower bound:        7.6
2026-05-10 14:37:02.678 [DEBUG] [BrakeSystemController] upper bound:        8.4
2026-05-10 14:37:02.678 [DEBUG] [BrakeSystemController] withinTolerance:    true
2026-05-10 14:37:02.678 [INFO ] [BrakeSystemController] Braking verified SUCCESS on attempt 1
2026-05-10 14:37:02.679 [DEBUG] [BrakeSystemController] --- verify ---
2026-05-10 14:37:02.679 [DEBUG] [BrakeSystemController] speedAtLastCommand: 16.67
2026-05-10 14:37:02.679 [DEBUG] [BrakeSystemController] currentSpeed:       10.547000000000015
2026-05-10 14:37:02.679 [DEBUG] [BrakeSystemController] elapsedMs:          780
2026-05-10 14:37:02.679 [DEBUG] [BrakeSystemController] actualDecel:        7.849999999999983
2026-05-10 14:37:02.679 [DEBUG] [BrakeSystemController] targetDecel:        8.0
2026-05-10 14:37:02.679 [DEBUG] [BrakeSystemController] lower bound:        7.6
2026-05-10 14:37:02.679 [DEBUG] [BrakeSystemController] upper bound:        8.4
2026-05-10 14:37:02.679 [DEBUG] [BrakeSystemController] withinTolerance:    true
2026-05-10 14:37:02.679 [INFO ] [BrakeSystemController] Braking verified SUCCESS on attempt 1
2026-05-10 14:37:02.679 [DEBUG] [BrakeSystemController] --- verify ---
2026-05-10 14:37:02.679 [DEBUG] [BrakeSystemController] speedAtLastCommand: 16.67
2026-05-10 14:37:02.679 [DEBUG] [BrakeSystemController] currentSpeed:       10.468500000000015
2026-05-10 14:37:02.679 [DEBUG] [BrakeSystemController] elapsedMs:          790
2026-05-10 14:37:02.679 [DEBUG] [BrakeSystemController] actualDecel:        7.849999999999983
2026-05-10 14:37:02.679 [DEBUG] [BrakeSystemController] targetDecel:        8.0
2026-05-10 14:37:02.679 [DEBUG] [BrakeSystemController] lower bound:        7.6
2026-05-10 14:37:02.679 [DEBUG] [BrakeSystemController] upper bound:        8.4
2026-05-10 14:37:02.679 [DEBUG] [BrakeSystemController] withinTolerance:    true
2026-05-10 14:37:02.679 [INFO ] [BrakeSystemController] Braking verified SUCCESS on attempt 1
2026-05-10 14:37:02.679 [DEBUG] [BrakeSystemController] --- verify ---
2026-05-10 14:37:02.679 [DEBUG] [BrakeSystemController] speedAtLastCommand: 16.67
2026-05-10 14:37:02.679 [DEBUG] [BrakeSystemController] currentSpeed:       10.390000000000015
2026-05-10 14:37:02.679 [DEBUG] [BrakeSystemController] elapsedMs:          800
2026-05-10 14:37:02.679 [DEBUG] [BrakeSystemController] actualDecel:        7.849999999999984
2026-05-10 14:37:02.679 [DEBUG] [BrakeSystemController] targetDecel:        8.0
2026-05-10 14:37:02.679 [DEBUG] [BrakeSystemController] lower bound:        7.6
2026-05-10 14:37:02.679 [DEBUG] [BrakeSystemController] upper bound:        8.4
2026-05-10 14:37:02.679 [DEBUG] [BrakeSystemController] withinTolerance:    true
2026-05-10 14:37:02.679 [INFO ] [BrakeSystemController] Braking verified SUCCESS on attempt 1
2026-05-10 14:37:02.679 [DEBUG] [BrakeSystemController] --- verify ---
2026-05-10 14:37:02.679 [DEBUG] [BrakeSystemController] speedAtLastCommand: 16.67
2026-05-10 14:37:02.679 [DEBUG] [BrakeSystemController] currentSpeed:       10.311500000000015
2026-05-10 14:37:02.679 [DEBUG] [BrakeSystemController] elapsedMs:          810
2026-05-10 14:37:02.679 [DEBUG] [BrakeSystemController] actualDecel:        7.849999999999984
2026-05-10 14:37:02.679 [DEBUG] [BrakeSystemController] targetDecel:        8.0
2026-05-10 14:37:02.679 [DEBUG] [BrakeSystemController] lower bound:        7.6
2026-05-10 14:37:02.679 [DEBUG] [BrakeSystemController] upper bound:        8.4
2026-05-10 14:37:02.679 [DEBUG] [BrakeSystemController] withinTolerance:    true
2026-05-10 14:37:02.679 [INFO ] [BrakeSystemController] Braking verified SUCCESS on attempt 1
2026-05-10 14:37:02.679 [DEBUG] [BrakeSystemController] --- verify ---
2026-05-10 14:37:02.679 [DEBUG] [BrakeSystemController] speedAtLastCommand: 16.67
2026-05-10 14:37:02.679 [DEBUG] [BrakeSystemController] currentSpeed:       10.233000000000015
2026-05-10 14:37:02.679 [DEBUG] [BrakeSystemController] elapsedMs:          820
2026-05-10 14:37:02.679 [DEBUG] [BrakeSystemController] actualDecel:        7.8499999999999845
2026-05-10 14:37:02.680 [DEBUG] [BrakeSystemController] targetDecel:        8.0
2026-05-10 14:37:02.680 [DEBUG] [BrakeSystemController] lower bound:        7.6
2026-05-10 14:37:02.680 [DEBUG] [BrakeSystemController] upper bound:        8.4
2026-05-10 14:37:02.680 [DEBUG] [BrakeSystemController] withinTolerance:    true
2026-05-10 14:37:02.680 [INFO ] [BrakeSystemController] Braking verified SUCCESS on attempt 1
2026-05-10 14:37:02.680 [DEBUG] [BrakeSystemController] --- verify ---
2026-05-10 14:37:02.680 [DEBUG] [BrakeSystemController] speedAtLastCommand: 16.67
2026-05-10 14:37:02.680 [DEBUG] [BrakeSystemController] currentSpeed:       10.154500000000015
2026-05-10 14:37:02.680 [DEBUG] [BrakeSystemController] elapsedMs:          830
2026-05-10 14:37:02.680 [DEBUG] [BrakeSystemController] actualDecel:        7.8499999999999845
2026-05-10 14:37:02.680 [DEBUG] [BrakeSystemController] targetDecel:        8.0
2026-05-10 14:37:02.680 [DEBUG] [BrakeSystemController] lower bound:        7.6
2026-05-10 14:37:02.680 [DEBUG] [BrakeSystemController] upper bound:        8.4
2026-05-10 14:37:02.680 [DEBUG] [BrakeSystemController] withinTolerance:    true
2026-05-10 14:37:02.680 [INFO ] [BrakeSystemController] Braking verified SUCCESS on attempt 1
2026-05-10 14:37:02.680 [DEBUG] [BrakeSystemController] --- verify ---
2026-05-10 14:37:02.680 [DEBUG] [BrakeSystemController] speedAtLastCommand: 16.67
2026-05-10 14:37:02.680 [DEBUG] [BrakeSystemController] currentSpeed:       10.076000000000015
2026-05-10 14:37:02.680 [DEBUG] [BrakeSystemController] elapsedMs:          840
2026-05-10 14:37:02.680 [DEBUG] [BrakeSystemController] actualDecel:        7.8499999999999845
2026-05-10 14:37:02.680 [DEBUG] [BrakeSystemController] targetDecel:        8.0
2026-05-10 14:37:02.680 [DEBUG] [BrakeSystemController] lower bound:        7.6
2026-05-10 14:37:02.680 [DEBUG] [BrakeSystemController] upper bound:        8.4
2026-05-10 14:37:02.680 [DEBUG] [BrakeSystemController] withinTolerance:    true
2026-05-10 14:37:02.680 [INFO ] [BrakeSystemController] Braking verified SUCCESS on attempt 1
2026-05-10 14:37:02.680 [DEBUG] [BrakeSystemController] --- verify ---
2026-05-10 14:37:02.680 [DEBUG] [BrakeSystemController] speedAtLastCommand: 16.67
2026-05-10 14:37:02.680 [DEBUG] [BrakeSystemController] currentSpeed:       9.997500000000015
2026-05-10 14:37:02.680 [DEBUG] [BrakeSystemController] elapsedMs:          850
2026-05-10 14:37:02.680 [DEBUG] [BrakeSystemController] actualDecel:        7.8499999999999845
2026-05-10 14:37:02.680 [DEBUG] [BrakeSystemController] targetDecel:        8.0
2026-05-10 14:37:02.680 [DEBUG] [BrakeSystemController] lower bound:        7.6
2026-05-10 14:37:02.680 [DEBUG] [BrakeSystemController] upper bound:        8.4
2026-05-10 14:37:02.680 [DEBUG] [BrakeSystemController] withinTolerance:    true
2026-05-10 14:37:02.680 [INFO ] [BrakeSystemController] Braking verified SUCCESS on attempt 1
2026-05-10 14:37:02.680 [DEBUG] [BrakeSystemController] --- verify ---
2026-05-10 14:37:02.680 [DEBUG] [BrakeSystemController] speedAtLastCommand: 16.67
2026-05-10 14:37:02.680 [DEBUG] [BrakeSystemController] currentSpeed:       9.919000000000015
2026-05-10 14:37:02.680 [DEBUG] [BrakeSystemController] elapsedMs:          860
2026-05-10 14:37:02.680 [DEBUG] [BrakeSystemController] actualDecel:        7.849999999999985
2026-05-10 14:37:02.680 [DEBUG] [BrakeSystemController] targetDecel:        8.0
2026-05-10 14:37:02.680 [DEBUG] [BrakeSystemController] lower bound:        7.6
2026-05-10 14:37:02.680 [DEBUG] [BrakeSystemController] upper bound:        8.4
2026-05-10 14:37:02.680 [DEBUG] [BrakeSystemController] withinTolerance:    true
2026-05-10 14:37:02.680 [INFO ] [BrakeSystemController] Braking verified SUCCESS on attempt 1
2026-05-10 14:37:02.680 [DEBUG] [BrakeSystemController] --- verify ---
2026-05-10 14:37:02.680 [DEBUG] [BrakeSystemController] speedAtLastCommand: 16.67
2026-05-10 14:37:02.680 [DEBUG] [BrakeSystemController] currentSpeed:       9.840500000000015
2026-05-10 14:37:02.680 [DEBUG] [BrakeSystemController] elapsedMs:          870
2026-05-10 14:37:02.681 [DEBUG] [BrakeSystemController] actualDecel:        7.849999999999985
2026-05-10 14:37:02.681 [DEBUG] [BrakeSystemController] targetDecel:        8.0
2026-05-10 14:37:02.681 [DEBUG] [BrakeSystemController] lower bound:        7.6
2026-05-10 14:37:02.681 [DEBUG] [BrakeSystemController] upper bound:        8.4
2026-05-10 14:37:02.681 [DEBUG] [BrakeSystemController] withinTolerance:    true
2026-05-10 14:37:02.681 [INFO ] [BrakeSystemController] Braking verified SUCCESS on attempt 1
2026-05-10 14:37:02.681 [DEBUG] [BrakeSystemController] --- verify ---
2026-05-10 14:37:02.681 [DEBUG] [BrakeSystemController] speedAtLastCommand: 16.67
2026-05-10 14:37:02.681 [DEBUG] [BrakeSystemController] currentSpeed:       9.762000000000015
2026-05-10 14:37:02.681 [DEBUG] [BrakeSystemController] elapsedMs:          880
2026-05-10 14:37:02.681 [DEBUG] [BrakeSystemController] actualDecel:        7.849999999999985
2026-05-10 14:37:02.681 [DEBUG] [BrakeSystemController] targetDecel:        8.0
2026-05-10 14:37:02.681 [DEBUG] [BrakeSystemController] lower bound:        7.6
2026-05-10 14:37:02.681 [DEBUG] [BrakeSystemController] upper bound:        8.4
2026-05-10 14:37:02.681 [DEBUG] [BrakeSystemController] withinTolerance:    true
2026-05-10 14:37:02.681 [INFO ] [BrakeSystemController] Braking verified SUCCESS on attempt 1
2026-05-10 14:37:02.681 [DEBUG] [BrakeSystemController] --- verify ---
2026-05-10 14:37:02.681 [DEBUG] [BrakeSystemController] speedAtLastCommand: 16.67
2026-05-10 14:37:02.681 [DEBUG] [BrakeSystemController] currentSpeed:       9.683500000000015
2026-05-10 14:37:02.681 [DEBUG] [BrakeSystemController] elapsedMs:          890
2026-05-10 14:37:02.681 [DEBUG] [BrakeSystemController] actualDecel:        7.849999999999985
2026-05-10 14:37:02.681 [DEBUG] [BrakeSystemController] targetDecel:        8.0
2026-05-10 14:37:02.681 [DEBUG] [BrakeSystemController] lower bound:        7.6
2026-05-10 14:37:02.681 [DEBUG] [BrakeSystemController] upper bound:        8.4
2026-05-10 14:37:02.681 [DEBUG] [BrakeSystemController] withinTolerance:    true
2026-05-10 14:37:02.681 [INFO ] [BrakeSystemController] Braking verified SUCCESS on attempt 1
2026-05-10 14:37:02.681 [DEBUG] [BrakeSystemController] --- verify ---
2026-05-10 14:37:02.681 [DEBUG] [BrakeSystemController] speedAtLastCommand: 16.67
2026-05-10 14:37:02.681 [DEBUG] [BrakeSystemController] currentSpeed:       9.605000000000015
2026-05-10 14:37:02.681 [DEBUG] [BrakeSystemController] elapsedMs:          900
2026-05-10 14:37:02.681 [DEBUG] [BrakeSystemController] actualDecel:        7.849999999999985
2026-05-10 14:37:02.681 [DEBUG] [BrakeSystemController] targetDecel:        8.0
2026-05-10 14:37:02.681 [DEBUG] [BrakeSystemController] lower bound:        7.6
2026-05-10 14:37:02.681 [DEBUG] [BrakeSystemController] upper bound:        8.4
2026-05-10 14:37:02.681 [DEBUG] [BrakeSystemController] withinTolerance:    true
2026-05-10 14:37:02.681 [INFO ] [BrakeSystemController] Braking verified SUCCESS on attempt 1
2026-05-10 14:37:02.681 [DEBUG] [BrakeSystemController] --- verify ---
2026-05-10 14:37:02.681 [DEBUG] [BrakeSystemController] speedAtLastCommand: 16.67
2026-05-10 14:37:02.681 [DEBUG] [BrakeSystemController] currentSpeed:       9.526500000000015
2026-05-10 14:37:02.681 [DEBUG] [BrakeSystemController] elapsedMs:          910
2026-05-10 14:37:02.681 [DEBUG] [BrakeSystemController] actualDecel:        7.849999999999985
2026-05-10 14:37:02.681 [DEBUG] [BrakeSystemController] targetDecel:        8.0
2026-05-10 14:37:02.681 [DEBUG] [BrakeSystemController] lower bound:        7.6
2026-05-10 14:37:02.681 [DEBUG] [BrakeSystemController] upper bound:        8.4
2026-05-10 14:37:02.681 [DEBUG] [BrakeSystemController] withinTolerance:    true
2026-05-10 14:37:02.681 [INFO ] [BrakeSystemController] Braking verified SUCCESS on attempt 1
2026-05-10 14:37:02.682 [DEBUG] [BrakeSystemController] --- verify ---
2026-05-10 14:37:02.682 [DEBUG] [BrakeSystemController] speedAtLastCommand: 16.67
2026-05-10 14:37:02.682 [DEBUG] [BrakeSystemController] currentSpeed:       9.448000000000015
2026-05-10 14:37:02.682 [DEBUG] [BrakeSystemController] elapsedMs:          920
2026-05-10 14:37:02.682 [DEBUG] [BrakeSystemController] actualDecel:        7.849999999999985
2026-05-10 14:37:02.682 [DEBUG] [BrakeSystemController] targetDecel:        8.0
2026-05-10 14:37:02.682 [DEBUG] [BrakeSystemController] lower bound:        7.6
2026-05-10 14:37:02.682 [DEBUG] [BrakeSystemController] upper bound:        8.4
2026-05-10 14:37:02.682 [DEBUG] [BrakeSystemController] withinTolerance:    true
2026-05-10 14:37:02.682 [INFO ] [BrakeSystemController] Braking verified SUCCESS on attempt 1
2026-05-10 14:37:02.682 [DEBUG] [BrakeSystemController] --- verify ---
2026-05-10 14:37:02.682 [DEBUG] [BrakeSystemController] speedAtLastCommand: 16.67
2026-05-10 14:37:02.682 [DEBUG] [BrakeSystemController] currentSpeed:       9.369500000000015
2026-05-10 14:37:02.682 [DEBUG] [BrakeSystemController] elapsedMs:          930
2026-05-10 14:37:02.682 [DEBUG] [BrakeSystemController] actualDecel:        7.849999999999985
2026-05-10 14:37:02.682 [DEBUG] [BrakeSystemController] targetDecel:        8.0
2026-05-10 14:37:02.682 [DEBUG] [BrakeSystemController] lower bound:        7.6
2026-05-10 14:37:02.682 [DEBUG] [BrakeSystemController] upper bound:        8.4
2026-05-10 14:37:02.682 [DEBUG] [BrakeSystemController] withinTolerance:    true
2026-05-10 14:37:02.682 [INFO ] [BrakeSystemController] Braking verified SUCCESS on attempt 1
2026-05-10 14:37:02.682 [DEBUG] [BrakeSystemController] --- verify ---
2026-05-10 14:37:02.682 [DEBUG] [BrakeSystemController] speedAtLastCommand: 16.67
2026-05-10 14:37:02.682 [DEBUG] [BrakeSystemController] currentSpeed:       9.291000000000015
2026-05-10 14:37:02.682 [DEBUG] [BrakeSystemController] elapsedMs:          940
2026-05-10 14:37:02.682 [DEBUG] [BrakeSystemController] actualDecel:        7.849999999999986
2026-05-10 14:37:02.682 [DEBUG] [BrakeSystemController] targetDecel:        8.0
2026-05-10 14:37:02.682 [DEBUG] [BrakeSystemController] lower bound:        7.6
2026-05-10 14:37:02.682 [DEBUG] [BrakeSystemController] upper bound:        8.4
2026-05-10 14:37:02.682 [DEBUG] [BrakeSystemController] withinTolerance:    true
2026-05-10 14:37:02.682 [INFO ] [BrakeSystemController] Braking verified SUCCESS on attempt 1
2026-05-10 14:37:02.682 [DEBUG] [BrakeSystemController] --- verify ---
2026-05-10 14:37:02.682 [DEBUG] [BrakeSystemController] speedAtLastCommand: 16.67
2026-05-10 14:37:02.682 [DEBUG] [BrakeSystemController] currentSpeed:       9.212500000000015
2026-05-10 14:37:02.682 [DEBUG] [BrakeSystemController] elapsedMs:          950
2026-05-10 14:37:02.682 [DEBUG] [BrakeSystemController] actualDecel:        7.849999999999987
2026-05-10 14:37:02.682 [DEBUG] [BrakeSystemController] targetDecel:        8.0
2026-05-10 14:37:02.682 [DEBUG] [BrakeSystemController] lower bound:        7.6
2026-05-10 14:37:02.682 [DEBUG] [BrakeSystemController] upper bound:        8.4
2026-05-10 14:37:02.682 [DEBUG] [BrakeSystemController] withinTolerance:    true
2026-05-10 14:37:02.682 [INFO ] [BrakeSystemController] Braking verified SUCCESS on attempt 1
2026-05-10 14:37:02.682 [DEBUG] [BrakeSystemController] --- verify ---
2026-05-10 14:37:02.682 [DEBUG] [BrakeSystemController] speedAtLastCommand: 16.67
2026-05-10 14:37:02.682 [DEBUG] [BrakeSystemController] currentSpeed:       9.134000000000015
2026-05-10 14:37:02.682 [DEBUG] [BrakeSystemController] elapsedMs:          960
2026-05-10 14:37:02.682 [DEBUG] [BrakeSystemController] actualDecel:        7.849999999999987
2026-05-10 14:37:02.682 [DEBUG] [BrakeSystemController] targetDecel:        8.0
2026-05-10 14:37:02.682 [DEBUG] [BrakeSystemController] lower bound:        7.6
2026-05-10 14:37:02.682 [DEBUG] [BrakeSystemController] upper bound:        8.4
2026-05-10 14:37:02.682 [DEBUG] [BrakeSystemController] withinTolerance:    true
2026-05-10 14:37:02.682 [INFO ] [BrakeSystemController] Braking verified SUCCESS on attempt 1
2026-05-10 14:37:02.684 [DEBUG] [BrakeSystemController] --- verify ---
2026-05-10 14:37:02.684 [DEBUG] [BrakeSystemController] speedAtLastCommand: 16.67
2026-05-10 14:37:02.684 [DEBUG] [BrakeSystemController] currentSpeed:       9.055500000000015
2026-05-10 14:37:02.684 [DEBUG] [BrakeSystemController] elapsedMs:          970
2026-05-10 14:37:02.684 [DEBUG] [BrakeSystemController] actualDecel:        7.849999999999987
2026-05-10 14:37:02.684 [DEBUG] [BrakeSystemController] targetDecel:        8.0
2026-05-10 14:37:02.684 [DEBUG] [BrakeSystemController] lower bound:        7.6
2026-05-10 14:37:02.684 [DEBUG] [BrakeSystemController] upper bound:        8.4
2026-05-10 14:37:02.684 [DEBUG] [BrakeSystemController] withinTolerance:    true
2026-05-10 14:37:02.684 [INFO ] [BrakeSystemController] Braking verified SUCCESS on attempt 1
2026-05-10 14:37:02.684 [DEBUG] [BrakeSystemController] --- verify ---
2026-05-10 14:37:02.684 [DEBUG] [BrakeSystemController] speedAtLastCommand: 16.67
2026-05-10 14:37:02.684 [DEBUG] [BrakeSystemController] currentSpeed:       8.977000000000015
2026-05-10 14:37:02.684 [DEBUG] [BrakeSystemController] elapsedMs:          980
2026-05-10 14:37:02.684 [DEBUG] [BrakeSystemController] actualDecel:        7.849999999999987
2026-05-10 14:37:02.684 [DEBUG] [BrakeSystemController] targetDecel:        8.0
2026-05-10 14:37:02.684 [DEBUG] [BrakeSystemController] lower bound:        7.6
2026-05-10 14:37:02.684 [DEBUG] [BrakeSystemController] upper bound:        8.4
2026-05-10 14:37:02.684 [DEBUG] [BrakeSystemController] withinTolerance:    true
2026-05-10 14:37:02.684 [INFO ] [BrakeSystemController] Braking verified SUCCESS on attempt 1
2026-05-10 14:37:02.684 [DEBUG] [BrakeSystemController] --- verify ---
2026-05-10 14:37:02.684 [DEBUG] [BrakeSystemController] speedAtLastCommand: 16.67
2026-05-10 14:37:02.684 [DEBUG] [BrakeSystemController] currentSpeed:       8.898500000000015
2026-05-10 14:37:02.684 [DEBUG] [BrakeSystemController] elapsedMs:          990
2026-05-10 14:37:02.684 [DEBUG] [BrakeSystemController] actualDecel:        7.849999999999987
2026-05-10 14:37:02.684 [DEBUG] [BrakeSystemController] targetDecel:        8.0
2026-05-10 14:37:02.684 [DEBUG] [BrakeSystemController] lower bound:        7.6
2026-05-10 14:37:02.684 [DEBUG] [BrakeSystemController] upper bound:        8.4
2026-05-10 14:37:02.684 [DEBUG] [BrakeSystemController] withinTolerance:    true
2026-05-10 14:37:02.684 [INFO ] [BrakeSystemController] Braking verified SUCCESS on attempt 1
2026-05-10 14:37:02.685 [DEBUG] [BrakeSystemController] --- verify ---
2026-05-10 14:37:02.685 [DEBUG] [BrakeSystemController] speedAtLastCommand: 16.67
2026-05-10 14:37:02.685 [DEBUG] [BrakeSystemController] currentSpeed:       8.820000000000014
2026-05-10 14:37:02.685 [DEBUG] [BrakeSystemController] elapsedMs:          1000
2026-05-10 14:37:02.685 [DEBUG] [BrakeSystemController] actualDecel:        7.849999999999987
2026-05-10 14:37:02.685 [DEBUG] [BrakeSystemController] targetDecel:        8.0
2026-05-10 14:37:02.685 [DEBUG] [BrakeSystemController] lower bound:        7.6
2026-05-10 14:37:02.685 [DEBUG] [BrakeSystemController] upper bound:        8.4
2026-05-10 14:37:02.685 [DEBUG] [BrakeSystemController] withinTolerance:    true
2026-05-10 14:37:02.685 [INFO ] [BrakeSystemController] Braking verified SUCCESS on attempt 1
2026-05-10 14:37:02.685 [DEBUG] [BrakeSystemController] --- verify ---
2026-05-10 14:37:02.685 [DEBUG] [BrakeSystemController] speedAtLastCommand: 16.67
2026-05-10 14:37:02.685 [DEBUG] [BrakeSystemController] currentSpeed:       8.741500000000014
2026-05-10 14:37:02.685 [DEBUG] [BrakeSystemController] elapsedMs:          1010
2026-05-10 14:37:02.685 [DEBUG] [BrakeSystemController] actualDecel:        7.849999999999987
2026-05-10 14:37:02.685 [DEBUG] [BrakeSystemController] targetDecel:        8.0
2026-05-10 14:37:02.685 [DEBUG] [BrakeSystemController] lower bound:        7.6
2026-05-10 14:37:02.685 [DEBUG] [BrakeSystemController] upper bound:        8.4
2026-05-10 14:37:02.685 [DEBUG] [BrakeSystemController] withinTolerance:    true
2026-05-10 14:37:02.685 [INFO ] [BrakeSystemController] Braking verified SUCCESS on attempt 1
2026-05-10 14:37:02.685 [DEBUG] [BrakeSystemController] --- verify ---
2026-05-10 14:37:02.685 [DEBUG] [BrakeSystemController] speedAtLastCommand: 16.67
2026-05-10 14:37:02.686 [DEBUG] [BrakeSystemController] currentSpeed:       8.663000000000014
2026-05-10 14:37:02.686 [DEBUG] [BrakeSystemController] elapsedMs:          1020
2026-05-10 14:37:02.686 [DEBUG] [BrakeSystemController] actualDecel:        7.849999999999987
2026-05-10 14:37:02.686 [DEBUG] [BrakeSystemController] targetDecel:        8.0
2026-05-10 14:37:02.686 [DEBUG] [BrakeSystemController] lower bound:        7.6
2026-05-10 14:37:02.686 [DEBUG] [BrakeSystemController] upper bound:        8.4
2026-05-10 14:37:02.686 [DEBUG] [BrakeSystemController] withinTolerance:    true
2026-05-10 14:37:02.686 [INFO ] [BrakeSystemController] Braking verified SUCCESS on attempt 1
2026-05-10 14:37:02.686 [DEBUG] [BrakeSystemController] --- verify ---
2026-05-10 14:37:02.686 [DEBUG] [BrakeSystemController] speedAtLastCommand: 16.67
2026-05-10 14:37:02.686 [DEBUG] [BrakeSystemController] currentSpeed:       8.584500000000014
2026-05-10 14:37:02.686 [DEBUG] [BrakeSystemController] elapsedMs:          1030
2026-05-10 14:37:02.686 [DEBUG] [BrakeSystemController] actualDecel:        7.849999999999987
2026-05-10 14:37:02.686 [DEBUG] [BrakeSystemController] targetDecel:        8.0
2026-05-10 14:37:02.686 [DEBUG] [BrakeSystemController] lower bound:        7.6
2026-05-10 14:37:02.686 [DEBUG] [BrakeSystemController] upper bound:        8.4
2026-05-10 14:37:02.686 [DEBUG] [BrakeSystemController] withinTolerance:    true
2026-05-10 14:37:02.686 [INFO ] [BrakeSystemController] Braking verified SUCCESS on attempt 1
2026-05-10 14:37:02.686 [DEBUG] [BrakeSystemController] --- verify ---
2026-05-10 14:37:02.686 [DEBUG] [BrakeSystemController] speedAtLastCommand: 16.67
2026-05-10 14:37:02.686 [DEBUG] [BrakeSystemController] currentSpeed:       8.506000000000014
2026-05-10 14:37:02.686 [DEBUG] [BrakeSystemController] elapsedMs:          1040
2026-05-10 14:37:02.686 [DEBUG] [BrakeSystemController] actualDecel:        7.849999999999987
2026-05-10 14:37:02.686 [DEBUG] [BrakeSystemController] targetDecel:        8.0
2026-05-10 14:37:02.686 [DEBUG] [BrakeSystemController] lower bound:        7.6
2026-05-10 14:37:02.686 [DEBUG] [BrakeSystemController] upper bound:        8.4
2026-05-10 14:37:02.686 [DEBUG] [BrakeSystemController] withinTolerance:    true
2026-05-10 14:37:02.686 [INFO ] [BrakeSystemController] Braking verified SUCCESS on attempt 1
2026-05-10 14:37:02.686 [DEBUG] [BrakeSystemController] --- verify ---
2026-05-10 14:37:02.686 [DEBUG] [BrakeSystemController] speedAtLastCommand: 16.67
2026-05-10 14:37:02.686 [DEBUG] [BrakeSystemController] currentSpeed:       8.427500000000014
2026-05-10 14:37:02.686 [DEBUG] [BrakeSystemController] elapsedMs:          1050
2026-05-10 14:37:02.686 [DEBUG] [BrakeSystemController] actualDecel:        7.849999999999987
2026-05-10 14:37:02.686 [DEBUG] [BrakeSystemController] targetDecel:        8.0
2026-05-10 14:37:02.686 [DEBUG] [BrakeSystemController] lower bound:        7.6
2026-05-10 14:37:02.686 [DEBUG] [BrakeSystemController] upper bound:        8.4
2026-05-10 14:37:02.686 [DEBUG] [BrakeSystemController] withinTolerance:    true
2026-05-10 14:37:02.686 [INFO ] [BrakeSystemController] Braking verified SUCCESS on attempt 1
2026-05-10 14:37:02.686 [DEBUG] [BrakeSystemController] --- verify ---
2026-05-10 14:37:02.686 [DEBUG] [BrakeSystemController] speedAtLastCommand: 16.67
2026-05-10 14:37:02.686 [DEBUG] [BrakeSystemController] currentSpeed:       8.349000000000014
2026-05-10 14:37:02.686 [DEBUG] [BrakeSystemController] elapsedMs:          1060
2026-05-10 14:37:02.686 [DEBUG] [BrakeSystemController] actualDecel:        7.849999999999987
2026-05-10 14:37:02.686 [DEBUG] [BrakeSystemController] targetDecel:        8.0
2026-05-10 14:37:02.686 [DEBUG] [BrakeSystemController] lower bound:        7.6
2026-05-10 14:37:02.686 [DEBUG] [BrakeSystemController] upper bound:        8.4
2026-05-10 14:37:02.686 [DEBUG] [BrakeSystemController] withinTolerance:    true
2026-05-10 14:37:02.686 [INFO ] [BrakeSystemController] Braking verified SUCCESS on attempt 1
2026-05-10 14:37:02.686 [DEBUG] [BrakeSystemController] --- verify ---
2026-05-10 14:37:02.686 [DEBUG] [BrakeSystemController] speedAtLastCommand: 16.67
2026-05-10 14:37:02.686 [DEBUG] [BrakeSystemController] currentSpeed:       8.270500000000014
2026-05-10 14:37:02.686 [DEBUG] [BrakeSystemController] elapsedMs:          1070
2026-05-10 14:37:02.686 [DEBUG] [BrakeSystemController] actualDecel:        7.849999999999988
2026-05-10 14:37:02.686 [DEBUG] [BrakeSystemController] targetDecel:        8.0
2026-05-10 14:37:02.686 [DEBUG] [BrakeSystemController] lower bound:        7.6
2026-05-10 14:37:02.687 [DEBUG] [BrakeSystemController] upper bound:        8.4
2026-05-10 14:37:02.687 [DEBUG] [BrakeSystemController] withinTolerance:    true
2026-05-10 14:37:02.687 [INFO ] [BrakeSystemController] Braking verified SUCCESS on attempt 1
2026-05-10 14:37:02.687 [DEBUG] [BrakeSystemController] --- verify ---
2026-05-10 14:37:02.687 [DEBUG] [BrakeSystemController] speedAtLastCommand: 16.67
2026-05-10 14:37:02.687 [DEBUG] [BrakeSystemController] currentSpeed:       8.192000000000014
2026-05-10 14:37:02.687 [DEBUG] [BrakeSystemController] elapsedMs:          1080
2026-05-10 14:37:02.687 [DEBUG] [BrakeSystemController] actualDecel:        7.849999999999988
2026-05-10 14:37:02.687 [DEBUG] [BrakeSystemController] targetDecel:        8.0
2026-05-10 14:37:02.687 [DEBUG] [BrakeSystemController] lower bound:        7.6
2026-05-10 14:37:02.687 [DEBUG] [BrakeSystemController] upper bound:        8.4
2026-05-10 14:37:02.687 [DEBUG] [BrakeSystemController] withinTolerance:    true
2026-05-10 14:37:02.687 [INFO ] [BrakeSystemController] Braking verified SUCCESS on attempt 1
2026-05-10 14:37:02.687 [DEBUG] [BrakeSystemController] --- verify ---
2026-05-10 14:37:02.687 [DEBUG] [BrakeSystemController] speedAtLastCommand: 16.67
2026-05-10 14:37:02.687 [DEBUG] [BrakeSystemController] currentSpeed:       8.113500000000014
2026-05-10 14:37:02.687 [DEBUG] [BrakeSystemController] elapsedMs:          1090
2026-05-10 14:37:02.687 [DEBUG] [BrakeSystemController] actualDecel:        7.849999999999988
2026-05-10 14:37:02.687 [DEBUG] [BrakeSystemController] targetDecel:        8.0
2026-05-10 14:37:02.687 [DEBUG] [BrakeSystemController] lower bound:        7.6
2026-05-10 14:37:02.687 [DEBUG] [BrakeSystemController] upper bound:        8.4
2026-05-10 14:37:02.687 [DEBUG] [BrakeSystemController] withinTolerance:    true
2026-05-10 14:37:02.687 [INFO ] [BrakeSystemController] Braking verified SUCCESS on attempt 1
2026-05-10 14:37:02.687 [DEBUG] [BrakeSystemController] --- verify ---
2026-05-10 14:37:02.687 [DEBUG] [BrakeSystemController] speedAtLastCommand: 16.67
2026-05-10 14:37:02.687 [DEBUG] [BrakeSystemController] currentSpeed:       8.035000000000014
2026-05-10 14:37:02.687 [DEBUG] [BrakeSystemController] elapsedMs:          1100
2026-05-10 14:37:02.687 [DEBUG] [BrakeSystemController] actualDecel:        7.849999999999988
2026-05-10 14:37:02.687 [DEBUG] [BrakeSystemController] targetDecel:        8.0
2026-05-10 14:37:02.687 [DEBUG] [BrakeSystemController] lower bound:        7.6
2026-05-10 14:37:02.687 [DEBUG] [BrakeSystemController] upper bound:        8.4
2026-05-10 14:37:02.687 [DEBUG] [BrakeSystemController] withinTolerance:    true
2026-05-10 14:37:02.687 [INFO ] [BrakeSystemController] Braking verified SUCCESS on attempt 1
2026-05-10 14:37:02.687 [DEBUG] [BrakeSystemController] --- verify ---
2026-05-10 14:37:02.687 [DEBUG] [BrakeSystemController] speedAtLastCommand: 16.67
2026-05-10 14:37:02.687 [DEBUG] [BrakeSystemController] currentSpeed:       7.956500000000014
2026-05-10 14:37:02.687 [DEBUG] [BrakeSystemController] elapsedMs:          1110
2026-05-10 14:37:02.687 [DEBUG] [BrakeSystemController] actualDecel:        7.849999999999988
2026-05-10 14:37:02.687 [DEBUG] [BrakeSystemController] targetDecel:        8.0
2026-05-10 14:37:02.687 [DEBUG] [BrakeSystemController] lower bound:        7.6
2026-05-10 14:37:02.687 [DEBUG] [BrakeSystemController] upper bound:        8.4
2026-05-10 14:37:02.688 [DEBUG] [BrakeSystemController] withinTolerance:    true
2026-05-10 14:37:02.688 [INFO ] [BrakeSystemController] Braking verified SUCCESS on attempt 1
2026-05-10 14:37:02.688 [DEBUG] [BrakeSystemController] --- verify ---
2026-05-10 14:37:02.688 [DEBUG] [BrakeSystemController] speedAtLastCommand: 16.67
2026-05-10 14:37:02.688 [DEBUG] [BrakeSystemController] currentSpeed:       7.878000000000014
2026-05-10 14:37:02.688 [DEBUG] [BrakeSystemController] elapsedMs:          1120
2026-05-10 14:37:02.688 [DEBUG] [BrakeSystemController] actualDecel:        7.849999999999988
2026-05-10 14:37:02.688 [DEBUG] [BrakeSystemController] targetDecel:        8.0
2026-05-10 14:37:02.688 [DEBUG] [BrakeSystemController] lower bound:        7.6
2026-05-10 14:37:02.688 [DEBUG] [BrakeSystemController] upper bound:        8.4
2026-05-10 14:37:02.688 [DEBUG] [BrakeSystemController] withinTolerance:    true
2026-05-10 14:37:02.688 [INFO ] [BrakeSystemController] Braking verified SUCCESS on attempt 1
2026-05-10 14:37:02.688 [DEBUG] [BrakeSystemController] --- verify ---
2026-05-10 14:37:02.688 [DEBUG] [BrakeSystemController] speedAtLastCommand: 16.67
2026-05-10 14:37:02.688 [DEBUG] [BrakeSystemController] currentSpeed:       7.799500000000014
2026-05-10 14:37:02.688 [DEBUG] [BrakeSystemController] elapsedMs:          1130
2026-05-10 14:37:02.688 [DEBUG] [BrakeSystemController] actualDecel:        7.84999999999999
2026-05-10 14:37:02.688 [DEBUG] [BrakeSystemController] targetDecel:        8.0
2026-05-10 14:37:02.688 [DEBUG] [BrakeSystemController] lower bound:        7.6
2026-05-10 14:37:02.688 [DEBUG] [BrakeSystemController] upper bound:        8.4
2026-05-10 14:37:02.688 [DEBUG] [BrakeSystemController] withinTolerance:    true
2026-05-10 14:37:02.688 [INFO ] [BrakeSystemController] Braking verified SUCCESS on attempt 1
2026-05-10 14:37:02.688 [DEBUG] [BrakeSystemController] --- verify ---
2026-05-10 14:37:02.688 [DEBUG] [BrakeSystemController] speedAtLastCommand: 16.67
2026-05-10 14:37:02.688 [DEBUG] [BrakeSystemController] currentSpeed:       7.721000000000014
2026-05-10 14:37:02.688 [DEBUG] [BrakeSystemController] elapsedMs:          1140
2026-05-10 14:37:02.688 [DEBUG] [BrakeSystemController] actualDecel:        7.84999999999999
2026-05-10 14:37:02.688 [DEBUG] [BrakeSystemController] targetDecel:        8.0
2026-05-10 14:37:02.688 [DEBUG] [BrakeSystemController] lower bound:        7.6
2026-05-10 14:37:02.688 [DEBUG] [BrakeSystemController] upper bound:        8.4
2026-05-10 14:37:02.688 [DEBUG] [BrakeSystemController] withinTolerance:    true
2026-05-10 14:37:02.688 [INFO ] [BrakeSystemController] Braking verified SUCCESS on attempt 1
2026-05-10 14:37:02.688 [DEBUG] [BrakeSystemController] --- verify ---
2026-05-10 14:37:02.688 [DEBUG] [BrakeSystemController] speedAtLastCommand: 16.67
2026-05-10 14:37:02.688 [DEBUG] [BrakeSystemController] currentSpeed:       7.642500000000014
2026-05-10 14:37:02.688 [DEBUG] [BrakeSystemController] elapsedMs:          1150
2026-05-10 14:37:02.688 [DEBUG] [BrakeSystemController] actualDecel:        7.84999999999999
2026-05-10 14:37:02.688 [DEBUG] [BrakeSystemController] targetDecel:        8.0
2026-05-10 14:37:02.688 [DEBUG] [BrakeSystemController] lower bound:        7.6
2026-05-10 14:37:02.688 [DEBUG] [BrakeSystemController] upper bound:        8.4
2026-05-10 14:37:02.688 [DEBUG] [BrakeSystemController] withinTolerance:    true
2026-05-10 14:37:02.688 [INFO ] [BrakeSystemController] Braking verified SUCCESS on attempt 1
2026-05-10 14:37:02.688 [DEBUG] [BrakeSystemController] --- verify ---
2026-05-10 14:37:02.688 [DEBUG] [BrakeSystemController] speedAtLastCommand: 16.67
2026-05-10 14:37:02.689 [DEBUG] [BrakeSystemController] currentSpeed:       7.564000000000014
2026-05-10 14:37:02.689 [DEBUG] [BrakeSystemController] elapsedMs:          1160
2026-05-10 14:37:02.689 [DEBUG] [BrakeSystemController] actualDecel:        7.84999999999999
2026-05-10 14:37:02.689 [DEBUG] [BrakeSystemController] targetDecel:        8.0
2026-05-10 14:37:02.689 [DEBUG] [BrakeSystemController] lower bound:        7.6
2026-05-10 14:37:02.689 [DEBUG] [BrakeSystemController] upper bound:        8.4
2026-05-10 14:37:02.689 [DEBUG] [BrakeSystemController] withinTolerance:    true
2026-05-10 14:37:02.689 [INFO ] [BrakeSystemController] Braking verified SUCCESS on attempt 1
2026-05-10 14:37:02.689 [DEBUG] [BrakeSystemController] --- verify ---
2026-05-10 14:37:02.689 [DEBUG] [BrakeSystemController] speedAtLastCommand: 16.67
2026-05-10 14:37:02.689 [DEBUG] [BrakeSystemController] currentSpeed:       7.485500000000014
2026-05-10 14:37:02.689 [DEBUG] [BrakeSystemController] elapsedMs:          1170
2026-05-10 14:37:02.689 [DEBUG] [BrakeSystemController] actualDecel:        7.84999999999999
2026-05-10 14:37:02.689 [DEBUG] [BrakeSystemController] targetDecel:        8.0
2026-05-10 14:37:02.689 [DEBUG] [BrakeSystemController] lower bound:        7.6
2026-05-10 14:37:02.689 [DEBUG] [BrakeSystemController] upper bound:        8.4
2026-05-10 14:37:02.689 [DEBUG] [BrakeSystemController] withinTolerance:    true
2026-05-10 14:37:02.689 [INFO ] [BrakeSystemController] Braking verified SUCCESS on attempt 1
2026-05-10 14:37:02.689 [DEBUG] [BrakeSystemController] --- verify ---
2026-05-10 14:37:02.689 [DEBUG] [BrakeSystemController] speedAtLastCommand: 16.67
2026-05-10 14:37:02.689 [DEBUG] [BrakeSystemController] currentSpeed:       7.407000000000014
2026-05-10 14:37:02.689 [DEBUG] [BrakeSystemController] elapsedMs:          1180
2026-05-10 14:37:02.689 [DEBUG] [BrakeSystemController] actualDecel:        7.84999999999999
2026-05-10 14:37:02.689 [DEBUG] [BrakeSystemController] targetDecel:        8.0
2026-05-10 14:37:02.689 [DEBUG] [BrakeSystemController] lower bound:        7.6
2026-05-10 14:37:02.689 [DEBUG] [BrakeSystemController] upper bound:        8.4
2026-05-10 14:37:02.689 [DEBUG] [BrakeSystemController] withinTolerance:    true
2026-05-10 14:37:02.689 [INFO ] [BrakeSystemController] Braking verified SUCCESS on attempt 1
2026-05-10 14:37:02.690 [DEBUG] [BrakeSystemController] --- verify ---
2026-05-10 14:37:02.690 [DEBUG] [BrakeSystemController] speedAtLastCommand: 16.67
2026-05-10 14:37:02.690 [DEBUG] [BrakeSystemController] currentSpeed:       7.328500000000014
2026-05-10 14:37:02.690 [DEBUG] [BrakeSystemController] elapsedMs:          1190
2026-05-10 14:37:02.690 [DEBUG] [BrakeSystemController] actualDecel:        7.84999999999999
2026-05-10 14:37:02.690 [DEBUG] [BrakeSystemController] targetDecel:        8.0
2026-05-10 14:37:02.690 [DEBUG] [BrakeSystemController] lower bound:        7.6
2026-05-10 14:37:02.690 [DEBUG] [BrakeSystemController] upper bound:        8.4
2026-05-10 14:37:02.690 [DEBUG] [BrakeSystemController] withinTolerance:    true
2026-05-10 14:37:02.690 [INFO ] [BrakeSystemController] Braking verified SUCCESS on attempt 1
2026-05-10 14:37:02.690 [DEBUG] [BrakeSystemController] --- verify ---
2026-05-10 14:37:02.690 [DEBUG] [BrakeSystemController] speedAtLastCommand: 16.67
2026-05-10 14:37:02.690 [DEBUG] [BrakeSystemController] currentSpeed:       7.250000000000014
2026-05-10 14:37:02.690 [DEBUG] [BrakeSystemController] elapsedMs:          1200
2026-05-10 14:37:02.690 [DEBUG] [BrakeSystemController] actualDecel:        7.84999999999999
2026-05-10 14:37:02.690 [DEBUG] [BrakeSystemController] targetDecel:        8.0
2026-05-10 14:37:02.690 [DEBUG] [BrakeSystemController] lower bound:        7.6
2026-05-10 14:37:02.690 [DEBUG] [BrakeSystemController] upper bound:        8.4
2026-05-10 14:37:02.690 [DEBUG] [BrakeSystemController] withinTolerance:    true
2026-05-10 14:37:02.690 [INFO ] [BrakeSystemController] Braking verified SUCCESS on attempt 1
2026-05-10 14:37:02.690 [DEBUG] [BrakeSystemController] --- verify ---
2026-05-10 14:37:02.690 [DEBUG] [BrakeSystemController] speedAtLastCommand: 16.67
2026-05-10 14:37:02.690 [DEBUG] [BrakeSystemController] currentSpeed:       7.171500000000014
2026-05-10 14:37:02.690 [DEBUG] [BrakeSystemController] elapsedMs:          1210
2026-05-10 14:37:02.690 [DEBUG] [BrakeSystemController] actualDecel:        7.84999999999999
2026-05-10 14:37:02.690 [DEBUG] [BrakeSystemController] targetDecel:        8.0
2026-05-10 14:37:02.690 [DEBUG] [BrakeSystemController] lower bound:        7.6
2026-05-10 14:37:02.690 [DEBUG] [BrakeSystemController] upper bound:        8.4
2026-05-10 14:37:02.690 [DEBUG] [BrakeSystemController] withinTolerance:    true
2026-05-10 14:37:02.690 [INFO ] [BrakeSystemController] Braking verified SUCCESS on attempt 1
2026-05-10 14:37:02.691 [DEBUG] [BrakeSystemController] --- verify ---
2026-05-10 14:37:02.691 [DEBUG] [BrakeSystemController] speedAtLastCommand: 16.67
2026-05-10 14:37:02.691 [DEBUG] [BrakeSystemController] currentSpeed:       7.093000000000014
2026-05-10 14:37:02.691 [DEBUG] [BrakeSystemController] elapsedMs:          1220
2026-05-10 14:37:02.691 [DEBUG] [BrakeSystemController] actualDecel:        7.84999999999999
2026-05-10 14:37:02.691 [DEBUG] [BrakeSystemController] targetDecel:        8.0
2026-05-10 14:37:02.691 [DEBUG] [BrakeSystemController] lower bound:        7.6
2026-05-10 14:37:02.691 [DEBUG] [BrakeSystemController] upper bound:        8.4
2026-05-10 14:37:02.691 [DEBUG] [BrakeSystemController] withinTolerance:    true
2026-05-10 14:37:02.691 [INFO ] [BrakeSystemController] Braking verified SUCCESS on attempt 1
2026-05-10 14:37:02.691 [DEBUG] [BrakeSystemController] --- verify ---
2026-05-10 14:37:02.691 [DEBUG] [BrakeSystemController] speedAtLastCommand: 16.67
2026-05-10 14:37:02.691 [DEBUG] [BrakeSystemController] currentSpeed:       7.014500000000014
2026-05-10 14:37:02.691 [DEBUG] [BrakeSystemController] elapsedMs:          1230
2026-05-10 14:37:02.691 [DEBUG] [BrakeSystemController] actualDecel:        7.84999999999999
2026-05-10 14:37:02.691 [DEBUG] [BrakeSystemController] targetDecel:        8.0
2026-05-10 14:37:02.691 [DEBUG] [BrakeSystemController] lower bound:        7.6
2026-05-10 14:37:02.691 [DEBUG] [BrakeSystemController] upper bound:        8.4
2026-05-10 14:37:02.691 [DEBUG] [BrakeSystemController] withinTolerance:    true
2026-05-10 14:37:02.691 [INFO ] [BrakeSystemController] Braking verified SUCCESS on attempt 1
2026-05-10 14:37:02.691 [DEBUG] [BrakeSystemController] --- verify ---
2026-05-10 14:37:02.691 [DEBUG] [BrakeSystemController] speedAtLastCommand: 16.67
2026-05-10 14:37:02.691 [DEBUG] [BrakeSystemController] currentSpeed:       6.936000000000014
2026-05-10 14:37:02.691 [DEBUG] [BrakeSystemController] elapsedMs:          1240
2026-05-10 14:37:02.691 [DEBUG] [BrakeSystemController] actualDecel:        7.84999999999999
2026-05-10 14:37:02.692 [DEBUG] [BrakeSystemController] targetDecel:        8.0
2026-05-10 14:37:02.692 [DEBUG] [BrakeSystemController] lower bound:        7.6
2026-05-10 14:37:02.692 [DEBUG] [BrakeSystemController] upper bound:        8.4
2026-05-10 14:37:02.692 [DEBUG] [BrakeSystemController] withinTolerance:    true
2026-05-10 14:37:02.692 [INFO ] [BrakeSystemController] Braking verified SUCCESS on attempt 1
2026-05-10 14:37:02.692 [DEBUG] [BrakeSystemController] --- verify ---
2026-05-10 14:37:02.692 [DEBUG] [BrakeSystemController] speedAtLastCommand: 16.67
2026-05-10 14:37:02.692 [DEBUG] [BrakeSystemController] currentSpeed:       6.857500000000014
2026-05-10 14:37:02.692 [DEBUG] [BrakeSystemController] elapsedMs:          1250
2026-05-10 14:37:02.692 [DEBUG] [BrakeSystemController] actualDecel:        7.84999999999999
2026-05-10 14:37:02.692 [DEBUG] [BrakeSystemController] targetDecel:        8.0
2026-05-10 14:37:02.692 [DEBUG] [BrakeSystemController] lower bound:        7.6
2026-05-10 14:37:02.692 [DEBUG] [BrakeSystemController] upper bound:        8.4
2026-05-10 14:37:02.692 [DEBUG] [BrakeSystemController] withinTolerance:    true
2026-05-10 14:37:02.692 [INFO ] [BrakeSystemController] Braking verified SUCCESS on attempt 1
2026-05-10 14:37:02.692 [DEBUG] [BrakeSystemController] --- verify ---
2026-05-10 14:37:02.692 [DEBUG] [BrakeSystemController] speedAtLastCommand: 16.67
2026-05-10 14:37:02.692 [DEBUG] [BrakeSystemController] currentSpeed:       6.779000000000014
2026-05-10 14:37:02.692 [DEBUG] [BrakeSystemController] elapsedMs:          1260
2026-05-10 14:37:02.692 [DEBUG] [BrakeSystemController] actualDecel:        7.84999999999999
2026-05-10 14:37:02.692 [DEBUG] [BrakeSystemController] targetDecel:        8.0
2026-05-10 14:37:02.692 [DEBUG] [BrakeSystemController] lower bound:        7.6
2026-05-10 14:37:02.692 [DEBUG] [BrakeSystemController] upper bound:        8.4
2026-05-10 14:37:02.692 [DEBUG] [BrakeSystemController] withinTolerance:    true
2026-05-10 14:37:02.692 [INFO ] [BrakeSystemController] Braking verified SUCCESS on attempt 1
2026-05-10 14:37:02.692 [DEBUG] [BrakeSystemController] --- verify ---
2026-05-10 14:37:02.692 [DEBUG] [BrakeSystemController] speedAtLastCommand: 16.67
2026-05-10 14:37:02.692 [DEBUG] [BrakeSystemController] currentSpeed:       6.700500000000014
2026-05-10 14:37:02.692 [DEBUG] [BrakeSystemController] elapsedMs:          1270
2026-05-10 14:37:02.692 [DEBUG] [BrakeSystemController] actualDecel:        7.84999999999999
2026-05-10 14:37:02.692 [DEBUG] [BrakeSystemController] targetDecel:        8.0
2026-05-10 14:37:02.692 [DEBUG] [BrakeSystemController] lower bound:        7.6
2026-05-10 14:37:02.692 [DEBUG] [BrakeSystemController] upper bound:        8.4
2026-05-10 14:37:02.692 [DEBUG] [BrakeSystemController] withinTolerance:    true
2026-05-10 14:37:02.692 [INFO ] [BrakeSystemController] Braking verified SUCCESS on attempt 1
2026-05-10 14:37:02.692 [DEBUG] [BrakeSystemController] --- verify ---
2026-05-10 14:37:02.692 [DEBUG] [BrakeSystemController] speedAtLastCommand: 16.67
2026-05-10 14:37:02.692 [DEBUG] [BrakeSystemController] currentSpeed:       6.622000000000014
2026-05-10 14:37:02.692 [DEBUG] [BrakeSystemController] elapsedMs:          1280
2026-05-10 14:37:02.692 [DEBUG] [BrakeSystemController] actualDecel:        7.84999999999999
2026-05-10 14:37:02.692 [DEBUG] [BrakeSystemController] targetDecel:        8.0
2026-05-10 14:37:02.692 [DEBUG] [BrakeSystemController] lower bound:        7.6
2026-05-10 14:37:02.692 [DEBUG] [BrakeSystemController] upper bound:        8.4
2026-05-10 14:37:02.693 [DEBUG] [BrakeSystemController] withinTolerance:    true
2026-05-10 14:37:02.693 [INFO ] [BrakeSystemController] Braking verified SUCCESS on attempt 1
2026-05-10 14:37:02.693 [DEBUG] [BrakeSystemController] --- verify ---
2026-05-10 14:37:02.693 [DEBUG] [BrakeSystemController] speedAtLastCommand: 16.67
2026-05-10 14:37:02.693 [DEBUG] [BrakeSystemController] currentSpeed:       6.543500000000014
2026-05-10 14:37:02.693 [DEBUG] [BrakeSystemController] elapsedMs:          1290
2026-05-10 14:37:02.693 [DEBUG] [BrakeSystemController] actualDecel:        7.84999999999999
2026-05-10 14:37:02.693 [DEBUG] [BrakeSystemController] targetDecel:        8.0
2026-05-10 14:37:02.693 [DEBUG] [BrakeSystemController] lower bound:        7.6
2026-05-10 14:37:02.693 [DEBUG] [BrakeSystemController] upper bound:        8.4
2026-05-10 14:37:02.693 [DEBUG] [BrakeSystemController] withinTolerance:    true
2026-05-10 14:37:02.693 [INFO ] [BrakeSystemController] Braking verified SUCCESS on attempt 1
2026-05-10 14:37:02.693 [DEBUG] [BrakeSystemController] --- verify ---
2026-05-10 14:37:02.693 [DEBUG] [BrakeSystemController] speedAtLastCommand: 16.67
2026-05-10 14:37:02.693 [DEBUG] [BrakeSystemController] currentSpeed:       6.465000000000014
2026-05-10 14:37:02.693 [DEBUG] [BrakeSystemController] elapsedMs:          1300
2026-05-10 14:37:02.693 [DEBUG] [BrakeSystemController] actualDecel:        7.84999999999999
2026-05-10 14:37:02.693 [DEBUG] [BrakeSystemController] targetDecel:        8.0
2026-05-10 14:37:02.693 [DEBUG] [BrakeSystemController] lower bound:        7.6
2026-05-10 14:37:02.693 [DEBUG] [BrakeSystemController] upper bound:        8.4
2026-05-10 14:37:02.693 [DEBUG] [BrakeSystemController] withinTolerance:    true
2026-05-10 14:37:02.693 [INFO ] [BrakeSystemController] Braking verified SUCCESS on attempt 1
2026-05-10 14:37:02.693 [DEBUG] [BrakeSystemController] --- verify ---
2026-05-10 14:37:02.693 [DEBUG] [BrakeSystemController] speedAtLastCommand: 16.67
2026-05-10 14:37:02.693 [DEBUG] [BrakeSystemController] currentSpeed:       6.386500000000014
2026-05-10 14:37:02.694 [DEBUG] [BrakeSystemController] elapsedMs:          1310
2026-05-10 14:37:02.694 [DEBUG] [BrakeSystemController] actualDecel:        7.84999999999999
2026-05-10 14:37:02.694 [DEBUG] [BrakeSystemController] targetDecel:        8.0
2026-05-10 14:37:02.694 [DEBUG] [BrakeSystemController] lower bound:        7.6
2026-05-10 14:37:02.694 [DEBUG] [BrakeSystemController] upper bound:        8.4
2026-05-10 14:37:02.694 [DEBUG] [BrakeSystemController] withinTolerance:    true
2026-05-10 14:37:02.694 [INFO ] [BrakeSystemController] Braking verified SUCCESS on attempt 1
2026-05-10 14:37:02.694 [DEBUG] [BrakeSystemController] --- verify ---
2026-05-10 14:37:02.694 [DEBUG] [BrakeSystemController] speedAtLastCommand: 16.67
2026-05-10 14:37:02.694 [DEBUG] [BrakeSystemController] currentSpeed:       6.308000000000014
2026-05-10 14:37:02.694 [DEBUG] [BrakeSystemController] elapsedMs:          1320
2026-05-10 14:37:02.694 [DEBUG] [BrakeSystemController] actualDecel:        7.84999999999999
2026-05-10 14:37:02.694 [DEBUG] [BrakeSystemController] targetDecel:        8.0
2026-05-10 14:37:02.694 [DEBUG] [BrakeSystemController] lower bound:        7.6
2026-05-10 14:37:02.694 [DEBUG] [BrakeSystemController] upper bound:        8.4
2026-05-10 14:37:02.694 [DEBUG] [BrakeSystemController] withinTolerance:    true
2026-05-10 14:37:02.694 [INFO ] [BrakeSystemController] Braking verified SUCCESS on attempt 1
2026-05-10 14:37:02.694 [DEBUG] [BrakeSystemController] --- verify ---
2026-05-10 14:37:02.694 [DEBUG] [BrakeSystemController] speedAtLastCommand: 16.67
2026-05-10 14:37:02.694 [DEBUG] [BrakeSystemController] currentSpeed:       6.229500000000014
2026-05-10 14:37:02.694 [DEBUG] [BrakeSystemController] elapsedMs:          1330
2026-05-10 14:37:02.694 [DEBUG] [BrakeSystemController] actualDecel:        7.84999999999999
2026-05-10 14:37:02.694 [DEBUG] [BrakeSystemController] targetDecel:        8.0
2026-05-10 14:37:02.694 [DEBUG] [BrakeSystemController] lower bound:        7.6
2026-05-10 14:37:02.694 [DEBUG] [BrakeSystemController] upper bound:        8.4
2026-05-10 14:37:02.694 [DEBUG] [BrakeSystemController] withinTolerance:    true
2026-05-10 14:37:02.694 [INFO ] [BrakeSystemController] Braking verified SUCCESS on attempt 1
2026-05-10 14:37:02.694 [DEBUG] [BrakeSystemController] --- verify ---
2026-05-10 14:37:02.694 [DEBUG] [BrakeSystemController] speedAtLastCommand: 16.67
2026-05-10 14:37:02.694 [DEBUG] [BrakeSystemController] currentSpeed:       6.151000000000014
2026-05-10 14:37:02.694 [DEBUG] [BrakeSystemController] elapsedMs:          1340
2026-05-10 14:37:02.694 [DEBUG] [BrakeSystemController] actualDecel:        7.849999999999991
2026-05-10 14:37:02.694 [DEBUG] [BrakeSystemController] targetDecel:        8.0
2026-05-10 14:37:02.695 [DEBUG] [BrakeSystemController] lower bound:        7.6
2026-05-10 14:37:02.695 [DEBUG] [BrakeSystemController] upper bound:        8.4
2026-05-10 14:37:02.695 [DEBUG] [BrakeSystemController] withinTolerance:    true
2026-05-10 14:37:02.695 [INFO ] [BrakeSystemController] Braking verified SUCCESS on attempt 1
2026-05-10 14:37:02.695 [DEBUG] [BrakeSystemController] --- verify ---
2026-05-10 14:37:02.695 [DEBUG] [BrakeSystemController] speedAtLastCommand: 16.67
2026-05-10 14:37:02.695 [DEBUG] [BrakeSystemController] currentSpeed:       6.072500000000014
2026-05-10 14:37:02.695 [DEBUG] [BrakeSystemController] elapsedMs:          1350
2026-05-10 14:37:02.695 [DEBUG] [BrakeSystemController] actualDecel:        7.849999999999991
2026-05-10 14:37:02.695 [DEBUG] [BrakeSystemController] targetDecel:        8.0
2026-05-10 14:37:02.695 [DEBUG] [BrakeSystemController] lower bound:        7.6
2026-05-10 14:37:02.695 [DEBUG] [BrakeSystemController] upper bound:        8.4
2026-05-10 14:37:02.695 [DEBUG] [BrakeSystemController] withinTolerance:    true
2026-05-10 14:37:02.695 [INFO ] [BrakeSystemController] Braking verified SUCCESS on attempt 1
2026-05-10 14:37:02.695 [DEBUG] [BrakeSystemController] --- verify ---
2026-05-10 14:37:02.695 [DEBUG] [BrakeSystemController] speedAtLastCommand: 16.67
2026-05-10 14:37:02.695 [DEBUG] [BrakeSystemController] currentSpeed:       5.994000000000014
2026-05-10 14:37:02.695 [DEBUG] [BrakeSystemController] elapsedMs:          1360
2026-05-10 14:37:02.695 [DEBUG] [BrakeSystemController] actualDecel:        7.849999999999991
2026-05-10 14:37:02.695 [DEBUG] [BrakeSystemController] targetDecel:        8.0
2026-05-10 14:37:02.695 [DEBUG] [BrakeSystemController] lower bound:        7.6
2026-05-10 14:37:02.695 [DEBUG] [BrakeSystemController] upper bound:        8.4
2026-05-10 14:37:02.695 [DEBUG] [BrakeSystemController] withinTolerance:    true
2026-05-10 14:37:02.695 [INFO ] [BrakeSystemController] Braking verified SUCCESS on attempt 1
2026-05-10 14:37:02.695 [DEBUG] [BrakeSystemController] --- verify ---
2026-05-10 14:37:02.695 [DEBUG] [BrakeSystemController] speedAtLastCommand: 16.67
2026-05-10 14:37:02.695 [DEBUG] [BrakeSystemController] currentSpeed:       5.915500000000014
2026-05-10 14:37:02.695 [DEBUG] [BrakeSystemController] elapsedMs:          1370
2026-05-10 14:37:02.695 [DEBUG] [BrakeSystemController] actualDecel:        7.849999999999991
2026-05-10 14:37:02.695 [DEBUG] [BrakeSystemController] targetDecel:        8.0
2026-05-10 14:37:02.695 [DEBUG] [BrakeSystemController] lower bound:        7.6
2026-05-10 14:37:02.695 [DEBUG] [BrakeSystemController] upper bound:        8.4
2026-05-10 14:37:02.695 [DEBUG] [BrakeSystemController] withinTolerance:    true
2026-05-10 14:37:02.695 [INFO ] [BrakeSystemController] Braking verified SUCCESS on attempt 1
2026-05-10 14:37:02.696 [DEBUG] [BrakeSystemController] --- verify ---
2026-05-10 14:37:02.696 [DEBUG] [BrakeSystemController] speedAtLastCommand: 16.67
2026-05-10 14:37:02.696 [DEBUG] [BrakeSystemController] currentSpeed:       5.837000000000014
2026-05-10 14:37:02.696 [DEBUG] [BrakeSystemController] elapsedMs:          1380
2026-05-10 14:37:02.696 [DEBUG] [BrakeSystemController] actualDecel:        7.849999999999992
2026-05-10 14:37:02.696 [DEBUG] [BrakeSystemController] targetDecel:        8.0
2026-05-10 14:37:02.696 [DEBUG] [BrakeSystemController] lower bound:        7.6
2026-05-10 14:37:02.696 [DEBUG] [BrakeSystemController] upper bound:        8.4
2026-05-10 14:37:02.696 [DEBUG] [BrakeSystemController] withinTolerance:    true
2026-05-10 14:37:02.696 [INFO ] [BrakeSystemController] Braking verified SUCCESS on attempt 1
2026-05-10 14:37:02.696 [DEBUG] [BrakeSystemController] --- verify ---
2026-05-10 14:37:02.696 [DEBUG] [BrakeSystemController] speedAtLastCommand: 16.67
2026-05-10 14:37:02.696 [DEBUG] [BrakeSystemController] currentSpeed:       5.758500000000014
2026-05-10 14:37:02.696 [DEBUG] [BrakeSystemController] elapsedMs:          1390
2026-05-10 14:37:02.696 [DEBUG] [BrakeSystemController] actualDecel:        7.849999999999992
2026-05-10 14:37:02.696 [DEBUG] [BrakeSystemController] targetDecel:        8.0
2026-05-10 14:37:02.696 [DEBUG] [BrakeSystemController] lower bound:        7.6
2026-05-10 14:37:02.696 [DEBUG] [BrakeSystemController] upper bound:        8.4
2026-05-10 14:37:02.696 [DEBUG] [BrakeSystemController] withinTolerance:    true
2026-05-10 14:37:02.696 [INFO ] [BrakeSystemController] Braking verified SUCCESS on attempt 1
2026-05-10 14:37:02.696 [DEBUG] [BrakeSystemController] --- verify ---
2026-05-10 14:37:02.696 [DEBUG] [BrakeSystemController] speedAtLastCommand: 16.67
2026-05-10 14:37:02.696 [DEBUG] [BrakeSystemController] currentSpeed:       5.680000000000014
2026-05-10 14:37:02.696 [DEBUG] [BrakeSystemController] elapsedMs:          1400
2026-05-10 14:37:02.696 [DEBUG] [BrakeSystemController] actualDecel:        7.849999999999992
2026-05-10 14:37:02.696 [DEBUG] [BrakeSystemController] targetDecel:        8.0
2026-05-10 14:37:02.696 [DEBUG] [BrakeSystemController] lower bound:        7.6
2026-05-10 14:37:02.696 [DEBUG] [BrakeSystemController] upper bound:        8.4
2026-05-10 14:37:02.696 [DEBUG] [BrakeSystemController] withinTolerance:    true
2026-05-10 14:37:02.696 [INFO ] [BrakeSystemController] Braking verified SUCCESS on attempt 1
2026-05-10 14:37:02.696 [DEBUG] [BrakeSystemController] --- verify ---
2026-05-10 14:37:02.696 [DEBUG] [BrakeSystemController] speedAtLastCommand: 16.67
2026-05-10 14:37:02.696 [DEBUG] [BrakeSystemController] currentSpeed:       5.601500000000014
2026-05-10 14:37:02.696 [DEBUG] [BrakeSystemController] elapsedMs:          1410
2026-05-10 14:37:02.696 [DEBUG] [BrakeSystemController] actualDecel:        7.849999999999992
2026-05-10 14:37:02.696 [DEBUG] [BrakeSystemController] targetDecel:        8.0
2026-05-10 14:37:02.696 [DEBUG] [BrakeSystemController] lower bound:        7.6
2026-05-10 14:37:02.696 [DEBUG] [BrakeSystemController] upper bound:        8.4
2026-05-10 14:37:02.696 [DEBUG] [BrakeSystemController] withinTolerance:    true
2026-05-10 14:37:02.696 [INFO ] [BrakeSystemController] Braking verified SUCCESS on attempt 1
2026-05-10 14:37:02.696 [DEBUG] [BrakeSystemController] --- verify ---
2026-05-10 14:37:02.696 [DEBUG] [BrakeSystemController] speedAtLastCommand: 16.67
2026-05-10 14:37:02.696 [DEBUG] [BrakeSystemController] currentSpeed:       5.523000000000014
2026-05-10 14:37:02.696 [DEBUG] [BrakeSystemController] elapsedMs:          1420
2026-05-10 14:37:02.696 [DEBUG] [BrakeSystemController] actualDecel:        7.849999999999992
2026-05-10 14:37:02.698 [DEBUG] [BrakeSystemController] targetDecel:        8.0
2026-05-10 14:37:02.698 [DEBUG] [BrakeSystemController] lower bound:        7.6
2026-05-10 14:37:02.698 [DEBUG] [BrakeSystemController] upper bound:        8.4
2026-05-10 14:37:02.698 [DEBUG] [BrakeSystemController] withinTolerance:    true
2026-05-10 14:37:02.698 [INFO ] [BrakeSystemController] Braking verified SUCCESS on attempt 1
2026-05-10 14:37:02.698 [DEBUG] [BrakeSystemController] --- verify ---
2026-05-10 14:37:02.698 [DEBUG] [BrakeSystemController] speedAtLastCommand: 16.67
2026-05-10 14:37:02.698 [DEBUG] [BrakeSystemController] currentSpeed:       5.444500000000014
2026-05-10 14:37:02.698 [DEBUG] [BrakeSystemController] elapsedMs:          1430
2026-05-10 14:37:02.698 [DEBUG] [BrakeSystemController] actualDecel:        7.849999999999992
2026-05-10 14:37:02.698 [DEBUG] [BrakeSystemController] targetDecel:        8.0
2026-05-10 14:37:02.698 [DEBUG] [BrakeSystemController] lower bound:        7.6
2026-05-10 14:37:02.698 [DEBUG] [BrakeSystemController] upper bound:        8.4
2026-05-10 14:37:02.698 [DEBUG] [BrakeSystemController] withinTolerance:    true
2026-05-10 14:37:02.698 [INFO ] [BrakeSystemController] Braking verified SUCCESS on attempt 1
2026-05-10 14:37:02.698 [DEBUG] [BrakeSystemController] --- verify ---
2026-05-10 14:37:02.698 [DEBUG] [BrakeSystemController] speedAtLastCommand: 16.67
2026-05-10 14:37:02.698 [DEBUG] [BrakeSystemController] currentSpeed:       5.366000000000014
2026-05-10 14:37:02.698 [DEBUG] [BrakeSystemController] elapsedMs:          1440
2026-05-10 14:37:02.698 [DEBUG] [BrakeSystemController] actualDecel:        7.849999999999992
2026-05-10 14:37:02.698 [DEBUG] [BrakeSystemController] targetDecel:        8.0
2026-05-10 14:37:02.698 [DEBUG] [BrakeSystemController] lower bound:        7.6
2026-05-10 14:37:02.698 [DEBUG] [BrakeSystemController] upper bound:        8.4
2026-05-10 14:37:02.699 [DEBUG] [BrakeSystemController] withinTolerance:    true
2026-05-10 14:37:02.699 [INFO ] [BrakeSystemController] Braking verified SUCCESS on attempt 1
2026-05-10 14:37:02.699 [DEBUG] [BrakeSystemController] --- verify ---
2026-05-10 14:37:02.699 [DEBUG] [BrakeSystemController] speedAtLastCommand: 16.67
2026-05-10 14:37:02.699 [DEBUG] [BrakeSystemController] currentSpeed:       5.287500000000014
2026-05-10 14:37:02.699 [DEBUG] [BrakeSystemController] elapsedMs:          1450
2026-05-10 14:37:02.699 [DEBUG] [BrakeSystemController] actualDecel:        7.849999999999992
2026-05-10 14:37:02.699 [DEBUG] [BrakeSystemController] targetDecel:        8.0
2026-05-10 14:37:02.699 [DEBUG] [BrakeSystemController] lower bound:        7.6
2026-05-10 14:37:02.699 [DEBUG] [BrakeSystemController] upper bound:        8.4
2026-05-10 14:37:02.699 [DEBUG] [BrakeSystemController] withinTolerance:    true
2026-05-10 14:37:02.699 [INFO ] [BrakeSystemController] Braking verified SUCCESS on attempt 1
2026-05-10 14:37:02.699 [DEBUG] [BrakeSystemController] --- verify ---
2026-05-10 14:37:02.699 [DEBUG] [BrakeSystemController] speedAtLastCommand: 16.67
2026-05-10 14:37:02.699 [DEBUG] [BrakeSystemController] currentSpeed:       5.209000000000014
2026-05-10 14:37:02.699 [DEBUG] [BrakeSystemController] elapsedMs:          1460
2026-05-10 14:37:02.699 [DEBUG] [BrakeSystemController] actualDecel:        7.849999999999992
2026-05-10 14:37:02.699 [DEBUG] [BrakeSystemController] targetDecel:        8.0
2026-05-10 14:37:02.699 [DEBUG] [BrakeSystemController] lower bound:        7.6
2026-05-10 14:37:02.699 [DEBUG] [BrakeSystemController] upper bound:        8.4
2026-05-10 14:37:02.699 [DEBUG] [BrakeSystemController] withinTolerance:    true
2026-05-10 14:37:02.699 [INFO ] [BrakeSystemController] Braking verified SUCCESS on attempt 1
2026-05-10 14:37:02.699 [DEBUG] [BrakeSystemController] --- verify ---
2026-05-10 14:37:02.699 [DEBUG] [BrakeSystemController] speedAtLastCommand: 16.67
2026-05-10 14:37:02.699 [DEBUG] [BrakeSystemController] currentSpeed:       5.130500000000014
2026-05-10 14:37:02.699 [DEBUG] [BrakeSystemController] elapsedMs:          1470
2026-05-10 14:37:02.699 [DEBUG] [BrakeSystemController] actualDecel:        7.849999999999992
2026-05-10 14:37:02.699 [DEBUG] [BrakeSystemController] targetDecel:        8.0
2026-05-10 14:37:02.699 [DEBUG] [BrakeSystemController] lower bound:        7.6
2026-05-10 14:37:02.699 [DEBUG] [BrakeSystemController] upper bound:        8.4
2026-05-10 14:37:02.699 [DEBUG] [BrakeSystemController] withinTolerance:    true
2026-05-10 14:37:02.699 [INFO ] [BrakeSystemController] Braking verified SUCCESS on attempt 1
2026-05-10 14:37:02.699 [DEBUG] [BrakeSystemController] --- verify ---
2026-05-10 14:37:02.699 [DEBUG] [BrakeSystemController] speedAtLastCommand: 16.67
2026-05-10 14:37:02.699 [DEBUG] [BrakeSystemController] currentSpeed:       5.052000000000014
2026-05-10 14:37:02.699 [DEBUG] [BrakeSystemController] elapsedMs:          1480
2026-05-10 14:37:02.699 [DEBUG] [BrakeSystemController] actualDecel:        7.849999999999992
2026-05-10 14:37:02.699 [DEBUG] [BrakeSystemController] targetDecel:        8.0
2026-05-10 14:37:02.699 [DEBUG] [BrakeSystemController] lower bound:        7.6
2026-05-10 14:37:02.700 [DEBUG] [BrakeSystemController] upper bound:        8.4
2026-05-10 14:37:02.700 [DEBUG] [BrakeSystemController] withinTolerance:    true
2026-05-10 14:37:02.700 [INFO ] [BrakeSystemController] Braking verified SUCCESS on attempt 1
2026-05-10 14:37:02.700 [DEBUG] [BrakeSystemController] --- verify ---
2026-05-10 14:37:02.700 [DEBUG] [BrakeSystemController] speedAtLastCommand: 16.67
2026-05-10 14:37:02.700 [DEBUG] [BrakeSystemController] currentSpeed:       4.973500000000014
2026-05-10 14:37:02.700 [DEBUG] [BrakeSystemController] elapsedMs:          1490
2026-05-10 14:37:02.700 [DEBUG] [BrakeSystemController] actualDecel:        7.849999999999992
2026-05-10 14:37:02.700 [DEBUG] [BrakeSystemController] targetDecel:        8.0
2026-05-10 14:37:02.700 [DEBUG] [BrakeSystemController] lower bound:        7.6
2026-05-10 14:37:02.700 [DEBUG] [BrakeSystemController] upper bound:        8.4
2026-05-10 14:37:02.700 [DEBUG] [BrakeSystemController] withinTolerance:    true
2026-05-10 14:37:02.700 [INFO ] [BrakeSystemController] Braking verified SUCCESS on attempt 1
2026-05-10 14:37:02.701 [DEBUG] [BrakeSystemController] --- verify ---
2026-05-10 14:37:02.701 [DEBUG] [BrakeSystemController] speedAtLastCommand: 16.67
2026-05-10 14:37:02.701 [DEBUG] [BrakeSystemController] currentSpeed:       4.895000000000014
2026-05-10 14:37:02.701 [DEBUG] [BrakeSystemController] elapsedMs:          1500
2026-05-10 14:37:02.701 [DEBUG] [BrakeSystemController] actualDecel:        7.849999999999992
2026-05-10 14:37:02.701 [DEBUG] [BrakeSystemController] targetDecel:        3.0
2026-05-10 14:37:02.701 [DEBUG] [BrakeSystemController] lower bound:        2.8499999999999996
2026-05-10 14:37:02.701 [DEBUG] [BrakeSystemController] upper bound:        3.1500000000000004
2026-05-10 14:37:02.701 [DEBUG] [BrakeSystemController] withinTolerance:    false
2026-05-10 14:37:02.701 [INFO ] [BrakeSystemController] Braking command issued — attempt 2 at 3590ms
2026-05-10 14:37:02.701 [DEBUG] [BrakeSystemController] speedAtCommand: 4.895000000000014
2026-05-10 14:37:02.701 [DEBUG] [BrakeSystemController] targetDecel:    3.0
2026-05-10 14:37:02.701 [DEBUG] [BrakeSystemController] --- verify ---
2026-05-10 14:37:02.701 [DEBUG] [BrakeSystemController] speedAtLastCommand: 4.895000000000014
2026-05-10 14:37:02.701 [DEBUG] [BrakeSystemController] currentSpeed:       4.816500000000014
2026-05-10 14:37:02.701 [DEBUG] [BrakeSystemController] elapsedMs:          10
2026-05-10 14:37:02.701 [DEBUG] [BrakeSystemController] actualDecel:        7.850000000000001
2026-05-10 14:37:02.701 [DEBUG] [BrakeSystemController] targetDecel:        3.0
2026-05-10 14:37:02.701 [DEBUG] [BrakeSystemController] lower bound:        2.8499999999999996
2026-05-10 14:37:02.701 [DEBUG] [BrakeSystemController] upper bound:        3.1500000000000004
2026-05-10 14:37:02.701 [DEBUG] [BrakeSystemController] withinTolerance:    false
2026-05-10 14:37:02.701 [INFO ] [BrakeSystemController] Braking command issued — attempt 3 at 3600ms
2026-05-10 14:37:02.701 [DEBUG] [BrakeSystemController] speedAtCommand: 4.816500000000014
2026-05-10 14:37:02.701 [DEBUG] [BrakeSystemController] targetDecel:    3.0
2026-05-10 14:37:02.701 [DEBUG] [BrakeSystemController] --- verify ---
2026-05-10 14:37:02.701 [DEBUG] [BrakeSystemController] speedAtLastCommand: 4.816500000000014
2026-05-10 14:37:02.701 [DEBUG] [BrakeSystemController] currentSpeed:       4.738000000000014
2026-05-10 14:37:02.701 [DEBUG] [BrakeSystemController] elapsedMs:          10
2026-05-10 14:37:02.701 [DEBUG] [BrakeSystemController] actualDecel:        7.850000000000001
2026-05-10 14:37:02.701 [DEBUG] [BrakeSystemController] targetDecel:        3.0
2026-05-10 14:37:02.702 [DEBUG] [BrakeSystemController] lower bound:        2.8499999999999996
2026-05-10 14:37:02.702 [DEBUG] [BrakeSystemController] upper bound:        3.1500000000000004
2026-05-10 14:37:02.702 [DEBUG] [BrakeSystemController] withinTolerance:    false
2026-05-10 14:37:02.702 [ERROR] [BrakeSystemController] Braking EXHAUSTED after 3 attempts — escalating to driver
2026-05-10 14:37:02.702 [ERROR] [DriverInterface] Escalation alert triggered — braking failed
